score,source,date,uCurrentRatio,dCurrentRatio,returnOnAssets,dReturnOnAssets,mDebtEquityRatio,dEffectiveTaxRate,dReturnOnCapitalEmployed,dGrossProfitMargin,mGrossProfitMargin,mPfcfRatio,mEarningsYield,dReturnOnTangibleAssets,mPbRatio,dPbRatio,grahamNetNet,dNetIncomePerShare,dGrossProfitToAssets,uGrahamNumberToPrice,dSalesToAssets,dAssetsToLongTermLiabilities,mSalesToMarketCap,CFO,dSalesToInventory,dGrossProfit,dFreeCashFlowToEquity,dCFOtoMarketCap,uIncomeQuality,dRevenue,dSharesOutstanding,dEPS,mEquityToAssets,uNetDebtToEBITDA,mNetProfitMargin,PEG,returnOnEquity,capitalExpenditureCoverageRatio,symbol,buy_price,eval_price,price_return,div_return,total_return,current_price,current_return
16.85,BOKUS.ST,2021-10-01,0.6825396825396826,0.20152702431183445,0.050836075481834664,0.03862690708745549,0.35636737089201875,-0.013210543029533173,0.07567459952626387,0.03370799520307033,0.4256314312441534,2.63526735826087,0.12489451354940187,0.0790359949256679,0.88924808157277,-0.16583035722630612,-35.77418968602945,3.973866796583067,0.05440646733330723,7.110685365107156,0.10177350947871511,0.3370319576760892,1.0582211491490932,247100000.0,0.7320109629767271,105100000.0,0.19986295757609554,0.26508909918207735,2.539568345323741,213000000.0,-883934.0,3.973866796583067,0.4577261433080384,0.7840909090909091,0.1180230745244777,201.38008930250018,0.08106220657276995,-16.450292397660817,BOKUS.ST,9.925,7.55,-0.239294710327456,0.1723732670286096,-0.06692144329884639,17.25,1.0128245422386724
15.31,IFP.TO,2021-10-01,3.002428165475902,0.1683470394595492,0.026753498162096555,0.0003822261731449249,0.2535274115159602,0.08978110315637611,0.018330101556219138,0.0767508267195228,0.24803556765473928,103.74201507752888,0.02896737813235073,0.0004453681390859665,1.4697873531329455,0.21741666573801188,-3.088632995621475,0.12742476959076843,0.01867352427856981,2.6636587892281254,-0.007307668312884319,0.3195232304702662,0.2810920713072688,86203000.0,-0.7664249684420859,53866000.0,-0.08309959285226871,-0.06421124959792203,1.23760642039826,11621000.0,-3384649.0,0.12742476959076843,0.6283720823042739,-0.8950755193082157,0.10305298899977068,0.32422300033603113,0.012575886032348944,-3.3677588258627527,IFP.TO,10.1274995,5.87,-0.4203899985381387,0.0,-0.4203899985381387,2.5375,-0.7494445692147406
15.010000000000003,PIPR,2021-10-01,1.4565297092288243,-132.22437832336723,0.044249284783458666,0.023411631256106652,0.20205514917012643,-0.054198135176485196,0.038658719309590965,0.015814930199712696,0.931770962528064,5.219404726157466,0.045038001748853466,0.026320412652687027,2.372772512026812,0.3650986274822521,-1.637916991288335,4.822889957578672,0.050315904796379096,2.6140431719346124,0.05010957158485843,3.7054245855975836,0.25215099378420186,487448000.0,,201974000.0,0.24317366061279044,0.08751456958950783,3.8814807736715955,201896000.0,-94000.0,4.822889957578672,0.4140674001201416,-4.127614754500953,0.17934611732474678,25.96685322105263,0.07686493254629499,-108.87305415479062,PIPR,44.6275,43.7175,-0.02039101450899102,0.0998520583534752,0.07946104384448419,86.7475,1.0873866081247066
14.99,SSAB-B.ST,2021-10-01,2.0638240086909287,0.19055175531441826,0.04872387719940367,0.005922581117280237,0.17025735944581297,-0.00851980393764351,0.007572872858039523,0.03252437336238262,0.30738559461535647,10.971543564587714,0.11620386458540961,0.00719786503581251,0.6392364685547859,0.05525733325039617,-3.6043406486696448,0.9516410953583225,0.008757118524520657,8.089669226749367,0.0029829757225678932,1.5929050365104338,0.5820199791446212,6107000000.0,-0.02454930224118157,1471000000.0,0.016368145916161314,0.04077753353951555,0.877316477517598,2117000000.0,0.0,0.9516410953583225,0.6559333684464242,-0.14715642522027692,0.19965614368804185,9.151142193667972,0.04428174802999578,-5.3444687842278205,SSAB-B.ST,11.402499999999998,19.27,0.6899802674852009,0.24051598263276147,0.9304962501179623,13.65,0.5715904442348396
14.99,SSAB-A.ST,2021-10-01,2.0638240086909287,0.19055175531441826,0.04872387719940367,0.005922581117280237,0.17025735944581297,-0.00851980393764351,0.007572872858039523,0.03252437336238262,0.30738559461535647,10.971543564587714,0.11620386458540961,0.00719786503581251,0.6392364685547859,0.05525733325039617,-3.6043406486696448,0.9516410953583225,0.008757118524520657,8.089669226749367,0.0029829757225678932,1.5929050365104338,0.5820199791446212,6107000000.0,-0.02454930224118157,1471000000.0,0.016368145916161314,0.04077753353951555,0.877316477517598,2117000000.0,0.0,0.9516410953583225,0.6559333684464242,-0.14715642522027692,0.19965614368804185,9.151142193667972,0.04428174802999578,-5.3444687842278205,SSAB-A.ST,11.402499999999998,19.27,0.6899802674852009,0.24051598263276147,0.9304962501179623,13.65,0.5715904442348396
14.950000000000001,JXN-PA,2021-10-01,0.1354093655084944,-2.412883073774767,0.0015579891553301872,0.0009926336468875905,0.254858572253223,0.18174380447532928,0.0015089198463740503,0.10682819038424063,0.6912226634267765,1.8240571222950517,0.14803990048289487,0.0010314705268783886,0.380184466975178,0.14075913719022548,-3284.041031967129,4.011792023161719,0.0013426169362872982,11.514079019190664,0.00019771424737967652,-248.35112369896254,0.42698756253810005,2105400000.0,,539200000.0,0.06735026270530761,-0.03193084126949064,3.2774583963691377,122300000.0,-2546966.0,4.011792023161719,0.027676077527099604,0.03389388606439838,0.34670775795649855,129.92703125276205,0.026282470656147777,-2.0,JXN-PA,10.753309002801979,12.914382633122786,0.20096824426394688,0.14407490323344174,0.3450431474973886,25.3075,1.5665234300392445
14.850000000000001,0IDR.L,2021-10-01,2.1237011380504702,0.014344077200872274,0.0519144261952087,0.02245676989476751,0.26632100991884583,-0.028047608126525625,0.030265698880736484,0.02262739692942972,0.7660798916723087,23.982448884758366,0.03846136705843008,0.02245676989476751,2.326881424706943,0.18413527262791707,-15.15275387263339,1.53184165232358,0.013748364085031856,2.439363281640551,0.013789869497953494,-0.5272892910137061,0.1144734290081637,3166000000.0,0.07613125443693747,637000000.0,0.03729542367576272,0.01425721921845323,1.594962216624685,677000000.0,0.0,1.53184165232358,0.5800815984935662,0.20249492312155498,0.33598510494245093,11.60223516382603,0.05949504057709648,-5.122287968441815,0IDR.L,22.2075,30.237500000000004,0.361589553078915,0.12461426369151568,0.4862038167704307,28.03,0.4409437246564021
14.850000000000001,EOG,2021-10-01,2.1237011380504702,0.014344077200872274,0.0519144261952087,0.02245676989476751,0.26632100991884583,-0.028047608126525625,0.030265698880736484,0.02262739692942972,0.7660798916723087,23.982448884758366,0.03846136705843008,0.02245676989476751,2.326881424706943,0.18413527262791707,-15.15275387263339,1.53184165232358,0.013748364085031856,2.439363281640551,0.013789869497953494,-0.5272892910137061,0.1144734290081637,3166000000.0,0.07613125443693747,637000000.0,0.03729542367576272,0.01425721921845323,1.594962216624685,677000000.0,0.0,1.53184165232358,0.5800815984935662,0.20249492312155498,0.33598510494245093,11.60223516382603,0.05949504057709648,-5.122287968441815,EOG,22.2075,30.237500000000004,0.361589553078915,0.12461426369151568,0.4862038167704307,28.03,0.4409437246564021
14.8375,SLP.L,2021-10-01,17.119934181870047,3.559487394826089,0.09189827161094073,-0.12475266030832856,0.00040173807272943555,-0.007553730083448729,-0.191924580509477,-0.1747690789963654,0.5772567983261239,13.79735197951992,0.07299911725707568,-0.12475266030832856,1.3989362147510924,-0.22251627935863683,0.45831406790027196,-0.125139996911044,-0.18281522359841393,4.334221459538067,-0.18255466562156486,12827.341249778772,0.20693669512380622,31599803.0,-14.29957929268425,-51294519.0,-0.0778807375810712,-0.0268029482829569,1.2971966707321994,-52160104.0,-2361435.0,-0.125139996911044,0.8998949650332434,-3.0406345968501705,0.35276062185781853,-18.44015274105408,0.0721211087757846,-6.262330114399765,SLP.L,0.30342149,0.24174270000000003,-0.20327759250012245,0.2062277068983335,0.002950114398211051,0.24029599999999998,0.06701067901363153
14.790000000000001,NEXN,2021-10-01,2.5014932001613293,-0.02463882609723811,0.0303959319280613,0.014525185001014632,0.026197859794715003,-0.13676314619192714,0.017198660487915542,0.1049857769558411,0.8015487545594632,11.457767014458463,0.041946164603756546,0.019259443233887376,1.0162882701463203,0.058392991800440774,6.920802692318185,0.2044970807182686,0.021402418680898372,1.9273426009503272,0.011474290699738196,23.152622154496456,0.17626672301153992,52020838.0,,21569000.0,0.004340753164650282,0.000510264583782255,2.132001557377049,15511000.0,10831291.0,0.2044970807182686,0.713027522021479,-10.145602024966921,0.23796984414925781,6.6265753825011915,0.01262939506442455,-43.55158399882424,NEXN,3.7875000493216637,1.2475,-0.6706270669954378,0.0,-0.6706270669954378,2.3125,-0.3894389518452506
14.75,SBLK,2021-10-01,2.3484642154637614,0.5348841329181615,0.07993967058520225,0.018666791980044485,0.7644087695394943,-7.258770636458083e-05,0.019216130888870142,0.05304218762209645,0.7405457960976839,8.479341604170077,0.129543185557291,0.018666791980044485,1.1139305861247357,-0.17587321448895876,-10.73661327393893,0.7867440014640308,0.019138698658598297,6.47037530683803,0.017566912444537633,0.11660161930438573,0.21573497374025338,278668808.0,,84380000.0,0.006718601932562018,0.022024855565563148,0.928428717545502,84169000.0,-309516.0,0.7867440014640308,0.5539743453504776,3.1869061858387098,0.6004737354883497,17.711793469386468,0.11430211661629852,-53.443658827045596,SBLK,5.6675,5.315,-0.062196735774150864,0.3635718443474799,0.30137510857332905,4.6475,0.3136115665936182
14.71,TRTN-PA,2021-10-01,3.600005402457781,0.7284487985981491,0.015062910486515249,0.004020752081060227,2.793905920034248,-0.027209084728231157,0.000291510914234943,0.020554768755061792,0.4697110057955645,-8.032426072451228,0.10575328099869416,0.004091234644017786,0.587630459240542,-0.00947751123148255,-122.26258829579659,0.8673599398641638,0.0006964033898863992,8.049075962858879,-0.0002037827555893823,-0.0039042158328046472,0.2691299480067422,418245000.0,,16460000.0,0.16199900210500148,0.022199663270552228,2.1960536195281777,14466000.0,-806000.0,0.8673599398641638,0.24238779395939747,22.670569153641992,0.39294505045586686,18.44015281316073,0.032143849079456735,-2.6510146299095183,TRTN-PA,6.809999999999999,5.9325,-0.1288546255506606,0.2500620017319771,0.12120737618131652,6.28,0.35486251964036475
14.71,TRTN-PD,2021-10-01,3.600005402457781,0.7284487985981491,0.015062910486515249,0.004020752081060227,2.793905920034248,-0.027209084728231157,0.000291510914234943,0.020554768755061792,0.4697110057955645,-8.032426072451228,0.10575328099869416,0.004091234644017786,0.587630459240542,-0.00947751123148255,-122.26258829579659,0.8673599398641638,0.0006964033898863992,8.049075962858879,-0.0002037827555893823,-0.0039042158328046472,0.2691299480067422,418245000.0,,16460000.0,0.16199900210500148,0.022199663270552228,2.1960536195281777,14466000.0,-806000.0,0.8673599398641638,0.24238779395939747,22.670569153641992,0.39294505045586686,18.44015281316073,0.032143849079456735,-2.6510146299095183,TRTN-PD,6.809999999999999,5.9325,-0.1288546255506606,0.2500620017319771,0.12120737618131652,6.28,0.35486251964036475
14.71,TRTN-PB,2021-10-01,3.600005402457781,0.7284487985981491,0.015062910486515249,0.004020752081060227,2.793905920034248,-0.027209084728231157,0.000291510914234943,0.020554768755061792,0.4697110057955645,-8.032426072451228,0.10575328099869416,0.004091234644017786,0.587630459240542,-0.00947751123148255,-122.26258829579659,0.8673599398641638,0.0006964033898863992,8.049075962858879,-0.0002037827555893823,-0.0039042158328046472,0.2691299480067422,418245000.0,,16460000.0,0.16199900210500148,0.022199663270552228,2.1960536195281777,14466000.0,-806000.0,0.8673599398641638,0.24238779395939747,22.670569153641992,0.39294505045586686,18.44015281316073,0.032143849079456735,-2.6510146299095183,TRTN-PB,6.809999999999999,5.9325,-0.1288546255506606,0.2500620017319771,0.12120737618131652,6.28,0.35486251964036475
14.71,TRTN-PE,2021-10-01,3.600005402457781,0.7284487985981491,0.015062910486515249,0.004020752081060227,2.793905920034248,-0.027209084728231157,0.000291510914234943,0.020554768755061792,0.4697110057955645,-8.032426072451228,0.10575328099869416,0.004091234644017786,0.587630459240542,-0.00947751123148255,-122.26258829579659,0.8673599398641638,0.0006964033898863992,8.049075962858879,-0.0002037827555893823,-0.0039042158328046472,0.2691299480067422,418245000.0,,16460000.0,0.16199900210500148,0.022199663270552228,2.1960536195281777,14466000.0,-806000.0,0.8673599398641638,0.24238779395939747,22.670569153641992,0.39294505045586686,18.44015281316073,0.032143849079456735,-2.6510146299095183,TRTN-PE,6.809999999999999,5.9325,-0.1288546255506606,0.2500620017319771,0.12120737618131652,6.28,0.35486251964036475
14.71,TRTN-PC,2021-10-01,3.600005402457781,0.7284487985981491,0.015062910486515249,0.004020752081060227,2.793905920034248,-0.027209084728231157,0.000291510914234943,0.020554768755061792,0.4697110057955645,-8.032426072451228,0.10575328099869416,0.004091234644017786,0.587630459240542,-0.00947751123148255,-122.26258829579659,0.8673599398641638,0.0006964033898863992,8.049075962858879,-0.0002037827555893823,-0.0039042158328046472,0.2691299480067422,418245000.0,,16460000.0,0.16199900210500148,0.022199663270552228,2.1960536195281777,14466000.0,-806000.0,0.8673599398641638,0.24238779395939747,22.670569153641992,0.39294505045586686,18.44015281316073,0.032143849079456735,-2.6510146299095183,TRTN-PC,6.809999999999999,5.9325,-0.1288546255506606,0.2500620017319771,0.12120737618131652,6.28,0.35486251964036475
14.587499999999999,PLAB,2021-10-01,3.125871426300611,-0.038867233859158024,0.015307502229172881,0.0019851642197061883,0.13560165693001752,-0.010574423647359221,0.004433607254391559,0.020897961048370495,0.2865109659767883,39.16722291407223,0.02422672585858313,0.001984921743918301,0.9927658396585131,-0.006965322891065662,2.774075827022718,0.04853116237472216,0.004771994385428628,2.9639795328729934,0.006944952199252785,0.6481148825282084,0.22169575879313608,54877000.0,0.07160333505953131,6616000.0,0.07301826698879943,0.028056350549419434,1.3159163144843002,10645000.0,-668000.0,0.04853116237472216,0.6364477879032794,-2.77424453898801,0.10927915802480032,0.7304804184702238,-0.0059485341608271035,-4.242886057864031,PLAB,3.395,4.59,0.3519882179675994,0.0,0.3519882179675994,5.975,0.7599410898379969
14.570000000000004,SAMG,2021-10-01,3.3870688160859768,0.5507495410772627,0.02216572619680967,0.004679628654162941,0.5183447417548227,-0.00815898900541559,-0.025538005278436474,0.03751873667835154,0.47692580759673414,7.426525346871227,0.03061405902804638,0.006000319049912852,2.066394862227754,0.07082627910524586,-1.8841156419602207,0.14064037284590142,0.0012474196892826028,2.3094313200026373,-0.009747807421733645,0.38641281239015246,0.2035958393437104,22635000.0,,1419000.0,0.020513082034052055,0.005621436877054992,2.6332014890646813,343000.0,0.0,0.14064037284590142,0.35038679911738285,-3.723925344143231,0.15036682049461603,61.51713106779997,0.033260734287492225,-83.42086330935251,SAMG,4.2924999999999995,4.25,-0.009900990099009795,0.0811560985272121,0.0712551084282023,3.9375,0.08354511204694039
14.56,PXT.TO,2021-10-01,2.3122638545384238,-0.42557059860831803,0.05382797310422868,0.013125690692380919,0.00323744646410144,-0.06619028093405083,0.01700471901545142,0.00715214497436345,0.8251291668261319,20.344323905875495,0.04742163351803811,0.01356333047918589,1.4531607799045843,-0.1978586412459733,1.0405661332366016,0.2586433517019253,0.007723576908358218,3.4275411015474884,0.00816182097871615,-826.5543600017652,0.1290157185153026,176003000.0,91.58891523684315,26786000.0,0.022229935608897126,0.03402247585320735,1.832581918139128,30462000.0,-4643000.0,0.2586433517019253,0.7811201639258814,-2.0350274304578018,0.3675647747713269,7.966999792501751,0.03891125794742163,-4.302077065948152,PXT.TO,4.2712164999999995,4.759056875,0.11421579191782956,0.1000231756389473,0.21423896755677685,4.5475,0.3344404587059015
14.56,ELG.DE,2021-10-01,3.369042041146654,1.5405950616288941,0.03394440762953731,0.012924284098953527,0.2477282973500977,0.0014022823492377268,0.01705494350701315,0.07695293413806648,0.5070916166541636,-93.97603608683394,0.01418901418901419,0.01432472147694953,3.3395080899664378,0.6111229591197125,-1.3314467064467064,0.33005733005733007,0.021097064743251376,1.2367619402935492,0.012534481300686878,-7.014000888705707,0.08531208531208531,10749000.0,0.000729662338088799,8523000.0,-0.04470535620763305,-0.019552360466113177,0.7581464240372408,4552000.0,-630000.0,0.33005733005733007,0.7163636015664809,1.863872097248373,0.1663189234808702,2.4053634053634063,0.01738432767286146,-2.502524544179523,ELG.DE,14.625,18.5,0.26495726495726496,0.02783059377521327,0.29278785873247826,20.475,0.45055576339926123
14.530000000000001,MGY,2021-10-01,2.369846027134,0.39405873395414814,0.08600526007847753,0.010733737375755392,0.4751560133552574,-0.009749561069512466,0.009265305215078984,-0.00321528729594589,0.7051575139052806,18.243389971101358,0.04406886751687615,0.010733737375755392,4.173774880411187,-0.30202476141561085,-1.229881542166007,0.14857845430703132,0.008468169358803068,1.9496321818650961,0.01282850068589117,0.40896095925962417,0.09867614017219944,260542000.0,,35287000.0,0.007780778293302842,0.005055056661684737,1.3559655468526373,51341000.0,5891000.0,0.14857845430703132,0.4675888024676798,0.08261211644374508,0.44660104702080666,2.888429486783187,0.15393353225010623,-5.536033223853858,MGY,4.7175,5.3225,0.1282458929517752,0.03941573916622611,0.16766163211800128,5.9675,0.3446823524591114
14.450000000000001,JXN,2021-10-01,0.1354093655084944,-2.412883073774767,0.0015579891553301872,0.0009926336468875905,0.254858572253223,0.18174380447532928,0.0015089198463740503,0.10682819038424063,0.6912226634267765,1.8240571222950517,0.14803990048289487,0.0010314705268783886,0.380184466975178,0.14075913719022548,-3284.041031967129,4.011792023161719,0.0014074661294778273,11.833706672832758,0.00019771424737967652,-248.35112369896254,0.42698756253810005,2166400000.0,,546700000.0,0.07321903314979483,-0.016494202073838338,3.2774583963691377,122300000.0,4635.0,4.011792023161719,0.027676077527099604,0.03389388606439838,0.34670775795649855,129.92703125276205,0.026282470656147777,-2.0,JXN,10.462862820512822,12.8,0.22337454094353001,0.14407490323344174,0.3674494441769718,25.3075,1.631854874569713
14.380000000000003,HLAG.DE,2021-10-01,1.9184163268046255,0.4331985430086427,0.1317786220966142,0.004778353303495297,0.34040287074821507,0.0008014453286379073,0.002056752160448372,0.04376197498696305,0.5233526678945487,13.321731834126854,0.07230885346076502,0.002017075691694542,3.014756312178388,0.3010351481961364,-1.9307546329591063,3.903841373364557,0.00836125270294616,2.9384674309277283,-0.0074164063285847015,1.260933923796066,0.1494363800898903,4166100000.0,,812700000.0,0.0032478936001535674,-0.004652060788138054,1.1825432869713313,1030700000.0,-39707.0,3.903841373364557,0.6045069157199274,-0.5483590037074821,0.4838771751381367,6.0112242289297235,0.18799357239722336,-10.144868035190616,HLAG.DE,69.25,33.75,-0.5126353790613718,0.4819120442137532,-0.030723334847618577,28.0,0.005701896572381071
14.3,PRFO.ST,2021-10-01,2.6805555555555554,0.41814420803782504,0.10256410256410256,0.01668623996868271,0.2175226586102719,0.016483516483516508,-0.9337489565016607,0.048225814280860146,0.7201834862385321,47.10112359550562,0.01431297709923664,0.01760545794168472,12.66465256797583,-1.6943217909985293,1.33125,0.375,0.02600965616232792,0.6378515254338892,0.011962549748809281,1.8618524332810047,0.05200381679389313,101000000.0,0.2125465178096757,30000000.0,0.12968803603244689,0.013124123695279637,1.2784810126582278,29000000.0,0.0,0.375,0.5658119658119658,-1.5952380952380953,0.27522935779816515,1.0115535382710954,0.15126888217522658,-10.416666666666666,PRFO.ST,26.199999999999996,19.5,-0.2557251908396945,0.21367935199452853,-0.042045838845165995,4.5125,-0.5099544605899035
14.229999999999999,SNDR,2021-10-01,1.8088959721819762,-0.2236459272593645,0.034058872831635896,0.005635834667247378,0.1115191022361581,0.0008076809319045308,0.006087921269378772,0.012614527721267282,0.15716281432562865,146.68426380368098,0.02804320535719327,0.006156223471950346,1.9728966911461343,0.21529676073858384,-3.198368036015757,0.13562183455261678,0.008908241501956168,2.262105753330695,0.026723352911818987,0.1516387888710824,0.3293246815548692,170100000.0,-0.07534824206822321,38700000.0,0.034980118593926024,0.0006783485066304135,1.2684563758389262,130300000.0,0.0,0.13562183455261678,0.6155995225154294,0.09887553315238465,0.08515367030734061,1.3520107718936298,0.025326347058338146,-3.237090909090909,SNDR,6.7275,6.3625,-0.05425492382014124,0.027032401329890487,-0.027222522490250756,5.29,-0.1591719641370219
14.200000000000003,KLIC,2021-07-01,3.8266171413741645,-0.16355514223115497,0.08069306123085893,0.023953576770969973,0.02204569411368255,-0.08658132527899345,0.02601482203025482,0.024672893727830547,0.4611989121366522,44.23602662237628,0.030952666797548333,0.025406781497061673,3.7761475206042685,0.09657467147061372,8.90237492543089,0.6851927156755337,0.02079899512094549,1.7178127052501815,0.030343652213649375,17.506037331072207,0.11544550806218126,90936000.0,0.3376886391237379,47220000.0,0.058735332862491274,0.01624977621836931,0.7993179041374037,84155000.0,-45000.0,0.6851927156755337,0.6903815340661242,-2.9131246820956256,0.2681149515222074,6.320978581680999,0.0868818359836522,-13.587155963302752,KLIC,14.815,13.68,-0.07661154235572054,0.03226329728101869,-0.04434824507470185,10.085,-0.252961702800368
14.2,FSUN,2021-10-01,0.25440945648081165,-0.051598283953459945,0.0015559007230517888,2.0115141804983574e-05,0.3091550612741824,-0.02800720445640159,-0.0021154876010674416,0.034481601617428304,0.9400205549845838,20.028935524991613,0.01476729654906117,2.171852406502488e-05,1.1393497570786852,-0.009027077094198699,-156.37687740625535,0.0035790798849800742,0.0006415466156139086,2.160096814553562,0.00021810892025413836,-1.0927509163698943,0.12222337140384926,30374000.0,,3449000.0,0.0010517053209539926,0.0002732289795226092,3.4449359192469093,1030000.0,-111.0,0.0035790798849800742,0.09247488977051302,-41.13490903183886,0.12082219938335047,11.151375446084622,-0.01317488426411825,-55.854609929078016,FSUN,6.0,8.5,0.4166666666666667,0.0,0.4166666666666667,9.6975,0.61625
14.150000000000002,ACLS,2021-10-01,4.124457173304916,-0.0312627873350495,0.04746030481652594,0.008760091870415092,0.0879361880959405,0.01447256445116507,0.013812761780246416,0.002035919598967928,0.4350557165360456,70.74191268665223,0.014400546680184359,0.008760091870415092,4.606055748210903,1.5235663163600743,7.702102417780448,0.253267631333597,0.01118364502071735,1.0609041420536323,0.024543231756889106,0.9948725624167452,0.08285440273481887,38109000.0,0.15709567440962668,12972000.0,-0.05772216567284226,-0.026595345029964086,1.0660158326107023,28990000.0,-242000.0,0.253267631333597,0.7155209494981679,-5.0153786927098105,0.17380544913556717,0.7561642292907753,0.036329720813642594,-14.631421942326815,ACLS,18.64,32.4225,0.7394045064377681,0.0,0.7394045064377681,24.41,0.3095493562231759
14.129999999999999,CPSS,2021-10-01,0.3048669633557428,-0.019666626366865836,0.008781808297732242,0.0022865047302284124,11.431509867396757,-0.07788659864553968,0.0021391729811137614,0.18684300413946142,0.9426367764722843,7.707333736919485,0.07093440036026372,0.0022865047302284124,1.570791448060303,1.5074363434580507,-86.77161820760571,0.24594398840888432,0.0056242021575429214,4.03199919945311,-0.0004849292249825207,0.0009349699055922756,0.25944448621089866,35118000.0,,13565000.0,-0.10690689564872372,-0.248302374221907,1.851726865278144,800000.0,-449000.0,0.24594398840888432,0.07867529563268376,77.24668360146768,0.27340877964391264,12.94642447761117,0.08142314945918794,-83.86013986013987,CPSS,2.9625,2.3425,-0.20928270042194097,0.0,-0.20928270042194097,1.8874999999999997,-0.36286919831223635
14.124999999999998,MOV,2021-10-01,3.6967007963594996,-0.03718025911587164,0.04238094402692516,0.015077449010762505,0.16882616666923445,0.016144848559234426,0.026689219477561338,0.010467588111085724,0.5766994571656885,56.71824175824176,0.03925572004777935,0.01531336710489668,1.7607847711781033,0.16442479823952305,4.906733059103702,0.5184784279436182,0.03097066397712514,2.8330196549953355,0.0492638984203386,-5.123415971761979,0.2721788255858546,16016000.0,0.32686868324195595,27121000.0,-0.053138228777038735,-0.0348305063321815,0.5099824868651489,43872000.0,24652.0,0.5184784279436182,0.6131424785126387,-2.804671912480104,0.1442276781203788,8.720464011831082,0.039120874041760845,-10.380952380952381,MOV,8.66,6.965,-0.19572748267898385,0.12426953334767558,-0.07145794933130827,4.5525,-0.18388218486667396
14.12,CBNK,2021-10-01,0.2058486067237955,-0.06452349595471318,0.004948669294020338,-0.0002030760400480152,0.17211462180967443,-0.0003278103644426267,-0.005546590513069452,0.0030596398205846587,0.950073189956086,12.217803615834397,0.027974786111567992,-0.0002030760400480152,1.8371495126400306,0.082021630262201,-107.17577646465374,-0.07739918141625024,0.000392831236450817,2.3413286894405605,0.0003450081105935525,21.72251771194822,0.12213355395577392,29543000.0,,-1493000.0,0.008490139324483392,0.0016775869928796483,2.9046308130960576,-1720000.0,84000.0,-0.07739918141625024,0.09628910621320488,-10.490854097652312,0.22905078256953046,-2.105176735271823,0.021393864671076235,-139.4093023255814,CBNK,6.55,6.05,-0.07633587786259542,0.024053311255391063,-0.05228256660720436,7.974999999999999,0.2694983752755644
14.110000000000003,AOSL,2021-10-01,2.622288273203841,0.7823195443527058,0.3444613827993255,0.3208408124125669,0.05842642854444011,0.023350960419067784,-0.004285165338441369,0.008424824255567176,0.3536382869764483,71.9932980922898,0.23781722437560046,0.323980451744654,2.028327913449792,-0.03485463155845281,2.2282555559733765,13.51376051080347,-0.0036226075128529406,6.496864658561865,-0.014737001159965762,24.843414993691674,0.1200387156044332,50667253.0,0.3532357935295971,3798000.0,-0.11055906559116711,-0.06599979182341267,0.13229116862229046,6284000.0,228000.0,13.51376051080347,0.7141000562113546,-0.5165114231428704,1.9811710178513235,1443.004809579489,0.45237131450018264,-3.790520280181612,AOSL,15.139999999999999,6.515,-0.5696829590488772,0.0,-0.5696829590488772,6.99,-0.5383091149273447
14.049999999999999,GMRE-PA,2021-10-01,0.04615236625914066,-1.261897129188212,0.004162300432771606,2.494406193449903e-05,0.931070915323908,0.0,0.006471204986525651,0.00043555754109347866,0.9998352173483176,-13.421729164217703,0.02302969951037256,0.00011454872055652408,0.3666711626002553,0.060104129804557205,-238.6357188384168,0.04089536366194402,-8.968163453520334e-05,4.755071025430681,-0.00010020185291686329,17.12284646742146,0.13287510405842073,17283000.0,,373000.0,0.024532187411552914,-0.022896306269352074,3.149808638600328,360000.0,4880.0,0.04089536366194402,0.49291087184325244,27.292155180631017,0.1733183930395808,-0.8044919392377855,-0.021555673306197162,-2.5039216257981747,GMRE-PA,22.1875,13.75,-0.38028169014084506,0.9793345666041384,0.5990528764632934,8.4275,1.270182401170744
14.049999999999999,GMRE,2021-10-01,0.04615236625914066,-1.261897129188212,0.004162300432771606,2.494406193449903e-05,0.931070915323908,0.0,0.006471204986525651,0.00043555754109347866,0.9998352173483176,-13.421729164217703,0.02302969951037256,0.00011454872055652408,0.3666711626002553,0.060104129804557205,-238.6357188384168,0.04089536366194402,-8.968163453520334e-05,4.755071025430681,-0.00010020185291686329,17.12284646742146,0.13287510405842073,17283000.0,,373000.0,0.024532187411552914,-0.022896306269352074,3.149808638600328,360000.0,4880.0,0.04089536366194402,0.49291087184325244,27.292155180631017,0.1733183930395808,-0.8044919392377855,-0.021555673306197162,-2.5039216257981747,GMRE,22.1875,13.75,-0.38028169014084506,0.9793345666041384,0.5990528764632934,8.4275,1.270182401170744
14.049999999999997,LUN.TO,2021-10-01,1.9384147925806163,0.07590677401240509,0.030241651076132556,0.006248961029846199,0.00697456292464933,-0.03275381043793485,0.020312954062316903,0.006671421738095651,0.5679899938050343,23.082980676213396,0.0398372500246817,0.0064026231113624085,1.3042082261194081,0.06549032435775493,-1.9397184065635134,0.07525639627587169,0.01784258371143231,3.316060599471509,0.030186664907915495,103.26589881665996,0.17736247888971945,399910831.0,1.0144183950478993,153959000.0,-0.03551422527343181,-0.029958365616248345,1.7681806605289512,262175000.0,-1228000.0,0.07525639627587169,0.5820619525046938,-1.1079155053233751,0.2246092311861052,3.6476791695461994,0.02195606918816547,-4.646337620204761,LUN.TO,1.952782,2.0430961,0.046248941254067304,0.11996305132320972,0.16621199257727703,5.19,1.8267514531664424
13.989999999999998,CPF,2021-10-01,0.29782617012579005,0.0060149395950069295,0.0030093991324271754,0.00015733813298772232,0.2621677155381669,0.007450982297480896,0.0030631705109695553,0.0677174811788348,1.0795395081109367,23.336343296939322,0.028540898799906782,0.00015738950444512323,1.4013870900130594,0.10832264677291104,-176.0059146561037,0.05972708665502535,0.0010122394465243503,2.7077341170447173,0.00036257732271795934,1.2119677210289836,0.09038569138016792,35573000.0,,8631000.0,0.04122447240661602,0.02350857409150113,1.5932727191293052,3798000.0,-197000.0,0.05972708665502535,0.07524090895795967,-5.630397236614853,0.31576788719645865,-0.07434922811113076,0.009996847115558587,-19.344222330570453,CPF,7.0425,4.92,-0.301384451544196,0.10672233417995093,-0.1946621173642451,7.585,0.25555850285321485
13.98,DMLP,2021-10-01,13.47750737463127,-1.4684260819306534,0.15774300582017298,0.011893297373356287,0.018493693829771167,0.0,0.013653624327974179,-0.016521574438421616,0.7902290458508907,35.257862337662345,0.025636724519471642,0.011893297373356287,6.407312986179292,0.8677269675273847,0.6649908205055783,0.03141218985007954,-0.0014556850672931554,0.9026812447180198,-0.010874848598818154,25.8896650253577,0.04464915516310739,22844000.0,,6054000.0,-0.021690795071761387,0.0007232404376992935,1.0676057900282847,6335000.0,-107833.0,0.03141218985007954,0.9633600577629132,-0.9729135814264558,0.7259376694897576,-0.3312158821007414,0.13426251793671173,-2.0,DMLP,6.371948421086678,8.884882794900804,0.3943745629669688,0.2470488854920232,0.641423448458992,6.255739364996207,0.4191925274143199
13.979999999999999,SD,2021-10-01,2.525807005762654,0.6069536495516665,0.10439996373033504,0.013259101558620923,0.0,-0.005726848333514277,0.018932368890740736,0.009818680612381225,0.6898805044145451,9.336833345535302,0.09630015957849154,0.013259101558620923,1.5595642461744157,-0.7269705875969723,1.2916245181398147,0.2254148782021489,0.0055372417371075955,4.714798304467087,0.005913481065999676,,0.14239323617621977,43945000.0,,5904000.0,0.028371144417626754,0.04533657438627449,1.1927315166648573,7895000.0,0.0,0.2254148782021489,0.6951364646144081,-3.3586179896251345,0.6762972888635989,10.35848036054003,0.12018628577950613,-16.806266846361186,SD,2.615,3.4175,0.3068833652007647,0.14542279622581647,0.4523061614265812,2.82,0.39099068959390976
13.970000000000002,0UWL.L,2021-10-01,3.428982204861111,-1.1063910439016964,0.029124517635101873,0.007200942411848182,0.16590307598718695,0.039667798455614495,0.015705836173004778,0.10817346675119255,0.672944786942234,-213.7711611963938,0.017768950954346576,0.007200942411848182,1.9693609981750146,0.4075531662631253,-0.946965937065951,0.036060756581301284,0.018572612727553686,1.8022684424447972,0.01970917306226911,-0.869207980361165,0.04197001366925365,59700000.0,,20822000.0,0.1991704699172703,0.0022642466921446724,1.9148117262172044,22763000.0,17670951.0,0.036060756581301284,0.8322841420000056,2.193940580932867,0.4233725319790337,0.6723718545267352,0.00499347898797485,-2.879130588443188,0UWL.L,2.9125,3.4225,0.17510729613733897,0.14262028896595308,0.317727585103292,3.445,0.4656047149113067
13.970000000000002,FRU.TO,2021-10-01,3.428982204861111,-1.1063910439016964,0.029124517635101873,0.007200942411848182,0.16590307598718695,0.039667798455614495,0.015705836173004778,0.10817346675119255,0.672944786942234,-213.7711611963938,0.017768950954346576,0.007200942411848182,1.9693609981750146,0.4075531662631253,-0.946965937065951,0.036060756581301284,0.018572612727553686,1.8022684424447972,0.01970917306226911,-0.869207980361165,0.04197001366925365,59700000.0,,20822000.0,0.1991704699172703,0.0022642466921446724,1.9148117262172044,22763000.0,17670951.0,0.036060756581301284,0.8322841420000056,2.193940580932867,0.4233725319790337,0.6723718545267352,0.00499347898797485,-2.879130588443188,FRU.TO,2.9125,3.4225,0.17510729613733897,0.14262028896595308,0.317727585103292,3.445,0.4656047149113067
13.949999999999998,LUMI.ST,2021-10-01,1.9384147925806163,0.07590677401240509,0.030241651076132556,0.006248961029846199,0.00697456292464933,-0.03275381043793485,0.020312954062316903,0.006671421738095651,0.5679899938050343,23.082980676213396,0.0398372500246817,0.0064026231113624085,1.3042082261194081,0.06549032435775493,-1.9397184065635134,0.07525639627587169,0.017164703987173027,3.3214504337737667,0.02899406318450938,,0.17736247888971945,384177000.0,0.9743631671894688,153959000.0,-0.03933179351302279,-0.03202575445749044,1.7681806605289512,262175000.0,-33000.0,0.07525639627587169,0.5820619525679702,-1.1079155053233751,0.2246092311861052,3.6476791695461994,0.02195606918816547,-4.646337620204761,LUMI.ST,1.949613152046887,2.041245732104789,0.0470003908014766,0.11996305132320972,0.16696344212468633,35.18810203064285,17.21776581643393
13.930000000000001,ARRD.DE,2021-10-01,1.4457317830098895,0.029659058841053243,0.04469020682340463,-0.007766911383903723,0.1710788905632713,0.1321899184271073,-0.013961676487132688,-0.05855457178147852,0.23483610496972027,10.969055857427715,0.12255388699902793,-0.008167695230058086,0.6721355654095221,-0.048793827089841146,-20.39878640776699,-0.23963248618978028,-0.1689581219371863,8.101890277790476,0.0002325385627840182,0.2995081766421457,0.6303723542402411,4154000000.0,-0.02792839369027722,-14753000000.0,0.023772424236804958,0.053963674304122355,1.0269468479604449,577000000.0,-79000000.0,-0.23963248618978028,0.5425357963584939,0.7569496619083396,0.1944150725752187,-3.8213844488984834,0.05237282613122633,-5.627947598253275,ARRD.DE,8.011138124999999,7.1242544,-0.11070633300308987,0.03473155124946106,-0.0759747817536288,8.9703372,0.18672781960303372
13.9,RIO.L,2021-10-01,1.9349014017581374,-0.19866931702291613,0.1151150561051936,-0.049359830119804216,0.2630852387618603,-0.01963492288245794,-0.07629784984197094,-0.0903275695506508,0.4465342627997114,10.47121638182893,0.10981986950002645,-0.05124658189945276,2.097086216092508,-0.43171024504136746,-15.930039426995656,-3.177309912722021,-0.05922047119872151,4.3419375147425034,-0.04322891708316817,0.3161563400901688,0.3803486927778681,15760797637.0,-2.7304367580960065,-6222849934.0,-0.0690354242159506,0.005221442232224649,1.3306001594294234,-4688927357.0,776348.0,-3.177309912722021,0.49984450318768464,0.03799285905081272,0.2887347099787816,-14.367547751582167,0.20030173458158346,-4.886363636359475,RIO.L,16.5500029,18.592164999999998,0.12339345874072317,0.18938450005209434,0.3127779587928175,14.572235999999997,0.17770140677926866
13.862499999999999,KFY,2021-10-01,2.2225002116002863,-0.11998134058654619,0.024305466452477123,-0.001123074972259351,0.39040488049188826,0.01699766590870397,-4.8664634092678016e-05,-0.0019673468607209754,0.9560396519728068,39.28380126431143,0.01785248228031812,-0.002118740223720793,2.8687217028731555,0.3096204980912849,-6.523138908762285,0.008415210043723365,0.005839028935981538,1.4967743986052822,0.006518800823998666,0.44098678332917185,0.15158965573288438,118021000.0,,51712000.0,0.1926675859634699,0.07207392322666178,1.546153644605146,55300000.0,354000.0,0.008415210043723365,0.474588194084468,-1.1872102831893954,0.11776847301359346,-0.8965073490996046,0.021213803367707028,-13.828121868109841,KFY,19.9775,11.38,-0.43035915404830427,0.023280494255036803,-0.40707865979326746,16.175,-0.11727486381996968
13.830000000000004,TPL,2021-10-01,7.795572993781462,-2.1971850552543977,0.10345337563345479,-0.01706840574911636,0.002217240463947977,0.17850945625123532,0.021812469620020453,0.010287047487377299,0.9495237059886668,37.418712074372394,0.024517423996024943,-0.01706840574911636,4.947029666585342,-0.25167230963262543,19.01634518927028,-0.20323647304955728,0.015889335526427684,4.007169070267298,0.014807546705668084,225.39855374488627,0.04565026793455575,90651000.0,0.2098334032366671,23572000.0,0.013370420969473454,0.0031470116620903286,1.1468277563413245,23485000.0,-58149.0,-0.20323647304955728,0.8529534175147632,-3.2690722754986368,0.537070757857832,-1.552838365998153,0.09128842385658674,-22.189532293986638,TPL,11.563333333333333,14.56,0.2591524935139811,0.0866196165669103,0.3457721100808914,25.934166666666666,1.3960039741454806
13.82,PHX.TO,2021-10-01,1.6399287022727156,-0.16920578507020978,0.032960597439043546,0.01364577276920852,0.26683570051839645,-0.2741874909239705,0.01620343546637136,-0.0008889128383032796,0.2004423198925264,278.062266225351,0.03996392559564052,0.014579035157184995,1.6104320723828727,-0.12073885101616533,-0.5617612327905408,0.07823910815655671,0.010563434303549515,2.9889187929876466,0.054356321591870926,0.5713521041820311,0.518579851636376,13776626.0,0.21597482991227324,3711629.0,-0.10831403086915767,-0.0315258325752511,1.5767373594923721,18931125.0,253385.0,0.07823910815655671,0.5121350767527871,0.6655235183254,0.07706416951899416,10.189899166779346,0.0343591875175423,-3.0598998541703772,PHX.TO,1.115,2.025,0.8161434977578474,0.13389225935985585,0.9500357571177033,1.9775000000000003,1.0683680983693187
13.810000000000002,CTRM,2021-10-01,1.6162522543744238,-0.23536369656886214,0.06310217062134912,0.026875271396179554,0.29755372434673144,0.003104095769440249,0.03003362710510432,0.1230024652226136,0.5648545224901896,-13.757674030969142,0.5493768630992758,0.026875271396179554,0.15504676582869195,-0.12130581817309624,-7.865824524194462,1.4426231718233213,0.028410389450411938,35.71536371521041,0.028210116721011258,-0.618922536205404,1.1286404320325731,32254047.0,3.128268230978314,14775649.0,0.09870954320758869,0.37162275092285346,1.1041806290903688,16734502.0,63894.0,1.4426231718233213,0.7408174809492787,1.7955243690249678,0.48675986390980236,25.798871370696403,0.05517910584465477,-2.8929973209011957,CTRM,1.405,1.0625,-0.24377224199288258,0.011668460026553296,-0.23210378196632928,0.52,-0.3859527698261679
13.780000000000003,MT,2021-10-01,1.4457317830098895,0.029659058841053243,0.04469020682340463,-0.007766911383903723,0.1710788905632713,0.1321899184271073,-0.013961676487132688,-0.05855457178147852,0.23483610496972027,10.969055857427715,0.12255388699902793,-0.008167695230058086,0.6721355654095221,-0.048793827089841146,-20.39878640776699,-0.23963248618978028,-0.1689581219371863,8.101890277790476,0.0002325385627840182,0.2995081766421457,0.6303723542402411,4154000000.0,-0.02792839369027722,-14753000000.0,0.023772424236804958,0.053963674304122355,1.0269468479604449,577000000.0,-79000000.0,-0.23963248618978028,0.5425357963584939,0.7569496619083396,0.1944150725752187,-3.8213844488984834,0.05237282613122633,-5.627947598253275,MT,8.011138124999999,7.1242544,-0.11070633300308987,0.03473155124946106,-0.0759747817536288,8.9703372,0.18672781960303372
13.779999999999998,OPBK,2021-10-01,0.17625294534687325,-0.0205504876960311,0.005289886841363047,0.0003789123909308514,0.062377070510842,0.008196129498489912,0.004299525765757456,-0.1101427811447927,0.8955039624069133,8.24531600239071,0.0472925403680887,0.0003789123909308514,1.1688561402107276,0.18619215430695513,-85.3668208904609,0.05830128378598409,0.0005135842602016372,3.8165155893752463,0.002103495780080032,10.56902886123649,0.13001565373145121,-23442000.0,,1472000.0,0.06944437724505062,0.09376741306318577,2.6171447339610245,4214000.0,2822.0,0.05830128378598409,0.09569575563896493,-7.9534074578322365,0.3637449723228864,1.101890683026161,0.02527817619540418,-51.6985446985447,OPBK,3.1900000000000004,2.7375,-0.14184952978056442,0.09005333683690983,-0.05179619294365459,3.48,0.2506219432602558
13.770000000000001,EVR,2021-10-01,13.886706183347265,-10.108645999466876,0.0778034937150524,0.029041127766095708,0.5460866680652635,-0.0005653910293920705,0.0453545555616684,0.0014517204349783208,0.9961458316593548,6.19091599642538,0.05619370444375469,0.029769144221889775,3.987517599220219,-0.33106089037739617,-30.064609350810198,3.591423553508358,0.04171190566494981,2.252390958911245,0.04150451464093735,0.7446970815830296,0.21274177528421354,854994000.0,,292214000.0,0.30977222270225985,0.0836426759503768,2.443042423515091,292138000.0,-711000.0,3.591423553508358,0.3472232704658874,0.0032133772337999363,0.26414043207396576,18.973801876542506,0.19407338543485125,-189.74571805006588,EVR,33.9625,42.7625,0.2591093117408908,0.057637286446804006,0.3167465981876948,84.33,1.567776201391513
13.740000000000002,SEIC,2021-10-01,3.947313088381219,-1.4602588553421008,0.06170632207387602,-0.001276129343930614,0.0424379676509045,-0.03451760849783489,-0.0010708430547460984,0.0027136662537842193,0.5635104156284262,61.11136491455765,0.01714346015576692,0.0006515155856261223,4.554870878236509,0.02186424308084689,5.329441688236986,0.06224472056993957,-0.004123765942286986,1.1640253985587912,-0.00838430384185812,-38.597168591468055,0.05918800266442171,149220000.0,,10518000.0,-0.004144555166213454,-0.0014630142488837768,1.0269786648313834,16328000.0,-1427000.0,0.06224472056993957,0.7902329042061373,-3.7299915231971923,0.28964417422505734,-0.5801601594506056,0.04808624741571066,-16.17094017094017,SEIC,15.235,15.887500000000001,0.04282901214309168,0.036124855699983534,0.0789538678430752,21.2125,0.45978548998007024
13.74,CS.TO,2021-10-01,1.5708843946936355,0.06402484454022228,0.02419457156912358,0.002783961689092729,0.015781752129594564,-0.059875196587524326,0.005877828643995962,0.0849943878576318,0.5876846400763341,31.73935453385768,0.022725342488550248,0.002783961689092729,1.8099454828388022,0.18289567046963273,-0.9457781130549927,0.014102408108200362,0.023312177003703374,2.1260512146134816,0.02504933978602543,15.837179059747356,0.118468207994412,91924637.0,0.5095793248226022,43726000.0,0.019205335081859308,0.005555226789437262,2.245258169437999,50481000.0,6389000.0,0.014102408108200362,0.5882230047978162,-2.835451751375624,0.19182650664912712,-0.5555933024461276,0.01113163098311623,-4.663873710472109,CS.TO,1.102887,1.2119103249999998,0.09885267030983219,0.0,0.09885267030983219,2.955,1.679331608768623
13.739999999999998,YGR.TO,2021-10-01,0.897774000767586,0.07410852034053972,0.028741610811902223,0.008188941933666892,0.5484095473738146,-0.004366394533016016,0.01089731758404381,-0.008064297932248943,0.6234574411981858,13.868906890689068,0.14165474432342623,0.008188941933666892,0.37997473688825323,-0.06227728621299333,-3.4594621100239986,0.06976388241903339,0.008746121370065155,11.584824291880405,0.014734973734599373,0.17758974402431615,0.34184194434188664,36835000.0,0.3250120250120254,6896000.0,0.03157010829986399,0.12066656092515221,1.8751272653227449,11525000.0,621000.0,0.06976388241903339,0.5339803268326727,5.739676136045274,0.4143866680729881,23.789580256599592,0.023825224203266666,-3.372596512147861,YGR.TO,0.4,0.32,-0.20000000000000004,0.0,-0.20000000000000004,0.2475,-0.38125000000000003
13.709999999999999,ITRN,2021-10-01,1.5552985702270816,0.040438854258948664,0.03267683886137854,0.008565038192632206,0.2726558961195833,-0.08725368966792235,0.0012659839713924648,-0.009993478458895144,0.47509807265904824,51.65655317951604,0.017384999409091585,0.010874463970704042,4.157950853087725,0.12173319294571705,-2.615176020531693,0.11210257100185539,0.007822869718543804,1.2268710386229318,0.0234522914713948,2.2260643582535877,0.12774297842569687,16042000.0,0.0985712272244732,1205000.0,0.02619565658291015,0.0072914763189016775,1.544430538172716,4655000.0,-148000.0,0.11210257100185539,0.4520495118097338,-0.9038792279763043,0.13609358121553244,1.1855427828572296,0.042285973123961956,-4.9817843866171,ITRN,6.6675,6.7775,0.01649793775778019,0.04591514483495876,0.06241308259273895,8.93,0.47624720396280273
13.68,ARG.TO,2021-10-01,1.420362817209072,0.054755194802995844,0.03299857060647125,0.0018897747976610348,0.24386676561498058,0.23114902342998084,0.023362590602202686,0.0603321728305182,0.25020440508685643,15.257884360824715,0.044220641147070375,0.0019106488068902916,1.4481429948566857,0.16925057780520691,-0.33292119659772235,0.004730181092879843,0.021415315992313527,3.3155687985423565,0.019001550347867047,1.3226010631872622,0.39553293773075465,17705000.0,-0.24032710757297515,5699000.0,-0.042214893303769374,-0.052486399987126106,1.992011701170117,4754000.0,-7679509.0,0.004730181092879843,0.5152982234680429,-1.1025880753049169,0.11180014842953999,-0.6462348708234407,0.034037811705201274,-5.90666372462489,ARG.TO,0.28856899999999996,0.26198372499999995,-0.0921279659284262,0.17790026998387515,0.08577230405544894,0.48824,1.0081943439883363
13.670000000000002,BPRN,2021-10-01,0.08111944068043729,-0.08756597517165453,0.0036636048734299473,0.00011278933011982283,0.08570122542455835,0.018088038863156186,0.001701621219248238,0.0540370548272473,0.9093653988769996,69.74444084861561,0.031877823433979366,0.00011294824517305187,0.8955632151003332,-0.022396809808582052,-204.863677604718,0.038711628610312965,0.000449283410886887,3.5797068055892565,-0.0001814062758743254,-4.244177008293619,0.09732970253706331,5953000.0,,938000.0,0.0010739652979600122,0.01746872048613067,0.962801229176775,-96000.0,0.0,0.038711628610312965,0.12832867803294695,0.7515221137277427,0.32752410212946287,-0.426915533771156,-0.0014513939550646858,-3.876733921815889,BPRN,7.3325,8.975,0.22400272758267986,0.07392521547938319,0.29792794306206305,7.96,0.22391093684706273
13.669999999999998,RPL.DE,2021-10-01,2.1304700162074552,-0.24105131959959492,0.018952251640642678,-0.010424102801928958,0.24165591001290798,0.08115719406041985,-0.011726672560709174,0.5900316415576027,0.7890011223344556,-270.37910615969696,0.01877274338187813,-0.010870752118097106,1.645308962432233,0.03548195149356581,-6.06479364526028,-0.2868800209382665,0.08909520579844048,2.0267089736489865,-0.0006561644393202337,0.3639196222383072,0.1497896807754037,406000000.0,-0.006875587386978577,1607000000.0,-0.0013672843038234116,0.003335604567252206,1.1976401179941003,150000000.0,0.0,-0.2868800209382665,0.6136003620728672,2.1823308270676693,0.12532734754956978,-3.285377455185164,0.0008869629356444766,-2.860169491525424,RPL.DE,8.365,8.585,0.026300059772863194,0.13791087877910552,0.16421093855196872,5.8175,-0.05263471198328956
13.656250000000002,CAPD.L,2021-10-01,2.500640697952983,0.28324480767109694,0.14703801080028336,0.07915097305119574,0.3287186629104518,-0.14203214081674154,0.01901155703887343,0.06457354019643369,0.4968154299134881,22.275000596625233,0.23496873958620856,0.07982997306739822,1.0035939522723882,-0.20180223363664274,0.06628171435796612,0.17173000129237204,0.024465323427951602,9.18073128958238,0.0021530985981059736,0.6318228384458884,0.5824167738120136,32028460.0,0.25107988251304647,20991320.0,0.2244265724463934,0.15388293703424766,0.6196967716405692,29425306.0,431516.0,0.17173000129237204,0.6235359472899915,0.9644953940882174,0.40343745261370045,159.56197205057586,0.20581320602178457,-3.4457422896206147,CAPD.L,0.284854915,0.286425,0.005511876107175468,0.06645390498339383,0.0719657810905693,0.29247456,0.1378641736895839
13.65,RIO,2021-10-01,1.9349014017581374,-0.19866931702291613,0.1151150561051936,-0.049359830119804216,0.2630852387618603,-0.01963492288245794,-0.07629784984197094,-0.0903275695506508,0.4465342627997114,10.47121638182893,0.10981986950002645,-0.05124658189945276,2.097086216092508,-0.43171024504136746,-15.930039426995656,-3.177309912722021,-0.04456439612925586,5.802937158663108,-0.021514124484087294,0.4709046680992408,0.2845886854752481,12612972856.0,-1.7911136876935538,-4677368494.0,-0.03739196463885916,0.01192718141475968,1.3306001594294234,-2388021884.0,776348.0,-3.177309912722021,0.49984450318768464,0.03799285905081272,0.2887347099787816,-14.367547751582167,0.20030173458158346,-4.886363636359475,RIO,12.38322533845296,18.57312520915627,0.49986168397357267,0.18938450005209434,0.689246184025667,14.822519223905763,0.49418764504611556
13.64,DNG.TO,2021-10-01,3.5988781856323917,-0.01373679294976693,0.04372678493912738,0.003930700422949761,0.004776773677660509,-0.1279468848928777,-0.010920956710761029,0.019589404312712055,0.14658210592927506,9.506659903032615,0.04113945264184009,0.003930700422949761,1.3484840228353137,0.13856221436880434,0.4546420022695057,0.012392226338536122,-0.008316132326083317,3.3140389039394282,-0.15038089174969949,299.75615294397744,0.5177910684696011,11448712.0,-0.21045922433857678,-496165.0,0.06748521542322364,0.049715765464473594,2.865943850219188,-11662851.0,-51864.0,0.012392226338536122,0.788212344438835,-3.995970537242148,0.07945183906596359,0.8284201174151156,0.02547589459571139,-11.273546116984567,DNG.TO,0.624574,0.75391,0.20707874487250513,0.0712631690348044,0.27834191390730956,0.841855,0.4717095196954182
13.630000000000003,STLD,2021-10-01,3.098284568026223,0.18361579454790533,0.0870229540043702,0.0011383936482324275,0.49263328395700884,-0.009887415854098053,-0.0007332273076305351,0.017183770445148627,0.3317549975455014,23.585400090111253,0.08902614902919467,0.0006385256970035807,1.9428967041898182,-0.16827166714746378,-8.940158401994466,0.6319879183527579,0.0018446902541719712,4.061488131127738,-0.017286011981529292,0.34409035938053334,0.4335489901696332,723899000.0,-0.2536766739491345,161208000.0,0.008163025587040573,0.005815699394460673,0.6606744382799259,222369000.0,-5104000.0,0.6319879183527579,0.5031141386394987,1.2351907107689328,0.20534276644113902,3.660673650608154,0.1429686115355339,-5.53913885235723,STLD,15.5175,29.525,0.9026905107137102,0.03137108109188416,0.9340615918055943,34.8575,1.3031180706680345
13.63,VRTS,2021-10-01,2.8585036314153665,-1.6246268444906469,0.012668456280989613,-0.0028787066582330913,2.7768041367803282,0.04428773690571014,-0.0030922468944858603,0.0025284604378911224,0.6544086541367015,9.396156973704954,0.022006423279334143,-0.0028930198739782233,2.734342858729628,-0.20383261157249022,-299.1136363636364,-1.0988699300184983,0.0007450264920906141,1.70215653518449,0.0008818689747944058,0.10330086711173303,0.11689896821930726,242050000.0,,9696000.0,0.06447237396237268,0.029571189364251252,3.9032138422588813,13847000.0,-68000.0,-1.0988699300184983,0.21053352654593166,13.671517770990661,0.18825164682419773,-2.2673856338883533,0.03017310634002876,-240.23818897637796,VRTS,74.275,58.9075,-0.20690003365870085,0.06915873378092645,-0.1377412998777744,47.5075,-0.2156995773017826
13.59,WHG,2021-10-01,5.9248200984724155,-0.7586423366633293,0.020149708105010565,0.0062581495002287345,0.05201601275592421,-0.07931931718073294,0.002374437324353943,0.03451067075309927,0.45959465731524934,-76.39917595169638,0.021172955068870243,0.007639717511597054,1.1268143010533815,-0.1681006806278018,8.551687794782188,0.12043754013590893,0.007709148179428124,2.600853039628785,0.006858995757770325,16.262641867227366,0.14595263837200956,-1675000.0,,1320000.0,-0.20717437955041873,-0.16134831607392805,-0.5954496978314966,1531000.0,-44392.0,0.12043754013590893,0.8445686042763512,-3.0724686759227904,0.14506729926254447,3.2345910137740477,-0.006142011432836325,24.171875,WHG,4.235,3.1425000000000005,-0.25796930342384883,0.1179175166092871,-0.1400517868145617,4.1225,0.17193748125071212
13.579999999999998,WEYS,2021-10-01,4.554798887214559,-1.7743368005177835,0.03724245228997324,0.017473949298763575,0.055180118672260976,-0.03727514035151355,0.023839354476607823,0.0013386978408677641,0.4017400053265469,-63.784980694980696,0.04471119834572457,0.020643710505709272,1.1484115295811714,0.001651598140739008,2.8599006314046167,0.5453731417368844,0.05018060996343575,3.743782702396491,0.12410508421897495,0.8187623579213508,0.43833058476851483,-3292000.0,0.26005110113305174,15984000.0,0.0747082439017015,0.06538439609531407,-0.3183444541146891,39581000.0,6000.0,0.5453731417368844,0.7253112541281463,-0.6026072329688814,0.10200337347971473,17.22192234467266,0.021346855681620695,7.8562874251497,WEYS,5.985,7.84,0.3099415204678362,0.06991418466672825,0.37985570513456446,7.5225,0.446334240285989
13.57,BBAR,2021-10-01,11096.541549475838,8242.545089155376,0.007646130784961649,0.0008797782992001086,0.09496015667391199,0.023249581062468272,0.0016931396415081814,0.061891000258482154,0.6510084460239073,4.325565713002274,0.0573160962626056,0.0008859346432667009,0.8621422140644489,-0.181872479189365,-750.8673263044507,2.7601312203162998,-0.03704608187142184,1.6307179087767634,-0.06855125844065245,3.810513399250297,0.7882873287557925,36828332000.0,,4554046000.0,-0.02161503146496696,0.14144644208645055,27.854607941683437,-3651081000.0,0.0,2.7601312203162998,0.15499126520758585,-5.230153257775917,0.07270965062075968,8.220415485723516,0.019414626133373886,-9.283266436840165,BBAR,168.22500054911785,1331.4375,6.914623246568222,0.06316093386223433,6.977784180430456,3185.6250103984758,18.038120849267024
13.5625,IIIN,2021-07-01,3.0122439804836767,-0.2354711209641298,0.04945809841072672,0.005166832873902925,0.006473017660904851,-0.0009993805099848263,0.013947481559599198,-0.02118826295956522,0.1962809274662652,22.034455445544555,0.026663330911722127,0.005150610195243072,2.490645352279455,0.12036274761678722,3.874677035965275,0.17861066091017852,-0.004906779362710875,1.9631455763072128,0.019544112095491617,154.35292088971988,0.232989244219587,36223000.0,0.23335735243118494,1322000.0,0.07677708903941727,0.02757481288152538,1.969176406632237,21740000.0,24000.0,0.17861066091017852,0.7447510425320826,-3.216911496016955,0.11444017942129787,1.4931945787584313,0.03640890121156984,-9.37288825564828,IIIN,8.9125,9.5725,0.07405329593267884,0.19612897040998228,0.2701822663426611,9.6225,0.31846792640379273
13.56,CF-PC.TO,2021-10-01,1.135656342382069,-0.009067434747105807,0.008330934937024696,0.0011560810481316504,1.022484322708516,0.007302686911414169,0.011706432434778181,0.0009942930156404128,0.3366194811097811,6.019539545093557,0.04093754397270388,0.001604405876763697,1.292946102934009,0.12987165753616003,-7.811533106405109,0.028775905255279066,0.006184634686509479,3.3761515374385986,0.018194808626354246,-4.64950721131072,0.38547885957838895,239054000.0,,26411000.0,-0.01591570520026722,-0.03394173628112612,3.5822993466402924,77056000.0,-1141106.0,0.028775905255279066,0.1573952194397668,-5.803757957846591,0.10619919343301637,-0.12276691487063407,0.022930037943197125,-225.20634920634922,CF-PC.TO,3.7699999999999996,1.9,-0.4960212201591512,0.1507808450167143,-0.3452403751424369,2.685,-0.0007247044324878438
13.56,CF.TO,2021-10-01,1.135656342382069,-0.009067434747105807,0.008330934937024696,0.0011560810481316504,1.022484322708516,0.007302686911414169,0.011706432434778181,0.0009942930156404128,0.3366194811097811,6.019539545093557,0.04093754397270388,0.001604405876763697,1.292946102934009,0.12987165753616003,-7.811533106405109,0.028775905255279066,0.006184634686509479,3.3761515374385986,0.018194808626354246,-4.64950721131072,0.38547885957838895,239054000.0,,26411000.0,-0.01591570520026722,-0.03394173628112612,3.5822993466402924,77056000.0,-1141106.0,0.028775905255279066,0.1573952194397668,-5.803757957846591,0.10619919343301637,-0.12276691487063407,0.022930037943197125,-225.20634920634922,CF.TO,3.7699999999999996,1.9,-0.4960212201591512,0.1507808450167143,-0.3452403751424369,2.685,-0.0007247044324878438
13.549999999999999,CVCO,2021-10-01,2.2425187142852083,-0.5151189789022874,0.03560093257215555,0.007743501314482034,0.04474735239716498,-0.00637978282566784,0.012018394472809085,0.026122134673305347,0.2501175102838882,41.44561619198273,0.016887896612086582,0.010445819264050544,3.03777129466551,0.050804429844255594,12.37658127101407,1.1517576022685798,0.008890656498419275,1.414690685829979,1.4885714413881423e-06,-7.603695169027517,0.16144442998137318,55812000.0,-0.3010130249990548,15915000.0,0.042279733330836886,0.013435624828768224,1.481092269723748,29121000.0,-7363.0,1.1517576022685798,0.6939540889010472,-3.7665919194303474,0.10460501247416859,1.6423239597142265,0.021301567555475534,-28.85851780558229,CVCO,60.5775,86.655,0.4304816144608147,0.0,0.4304816144608147,143.1175,1.3625521026783873
13.53125,FXPO.L,2021-10-01,2.9760779603359695,0.4597996339880259,0.1001852928353437,-0.20326752981356527,0.027492052536799677,0.06536880840429021,-0.2963651739834381,-0.12911631789557765,0.6432796201699763,11.115360618749678,0.08776201472021804,-0.20727087967039293,1.3038836653270176,-0.569992414548812,0.2586013167453094,-0.7678239996942572,-0.1209010724174503,4.9224931489902435,-0.06338311864733948,164.63881834534436,0.48810956981201237,433250000.0,-1.2643427585591622,-294996000.0,-0.16146149285422678,-0.008231885090266816,2.0673283389798156,-187082000.0,620427.0,-0.7678239996942572,0.8755048225854565,-0.35405748264409265,0.17979982394940175,-24.82111828120204,0.08443145742988159,-3.983581939217464,FXPO.L,1.012892655,0.28722062499999995,-0.7164352771419791,0.15345659026027847,-0.5629786868817006,0.15945356,-0.6889738190299165
13.525,RIO1.DE,2021-10-01,1.9349014017581374,-0.19866931702291613,0.1151150561051936,-0.049359830119804216,0.2630852387618603,-0.01963492288245794,-0.07629784984197094,-0.0903275695506508,0.4465342627997114,10.47121638182893,0.10981986950002645,-0.05124658189945276,2.097086216092508,-0.43171024504136746,-15.930039426995656,-3.177309912722021,-0.03972382356994136,5.856932430901192,-0.024264261671149978,,0.2819650520669961,11684000000.0,-1.8431700004235019,-4181000000.0,-0.04643537633383299,0.006352356147421856,1.3306001594294234,-2671000000.0,776348.0,-3.177309912722021,0.49984450318768464,0.03799285905081272,0.2887347099787816,-14.367547751582167,0.20030173458158346,-4.886363636359475,RIO1.DE,12.269063935496085,18.592164999999998,0.5153694770642049,0.18938450005209434,0.7047539771162992,14.572235999999997,0.4849258233735759
13.520000000000001,TPH,2021-10-01,15.839322670141835,1.0138278699992451,0.03400194132082229,0.0025503808008497386,0.6804529786270015,-0.00022583162272418744,0.008204228674429756,-0.0031218823435972265,0.26000320657976944,14.913495677505983,0.04809751227233986,0.002616813600811299,1.252415798655102,0.24539217883874476,3.7125824415816875,0.1607866950004191,0.008339906379262463,3.7182474497589824,0.035006390858311615,0.041057955880533736,0.39472712303091767,215570000.0,0.06669731502742393,42748000.0,0.043140775368893707,0.025331644514443107,1.4620862723819859,176819000.0,-2869895.0,0.1607866950004191,0.5644592079328024,4.802630808278017,0.12185003123935961,1.6086786317201294,0.03023808424588611,-23.50967870684494,TPH,6.972500000000001,8.85,0.26927214055216897,0.0,0.26927214055216897,8.4925,0.21799928289709553
13.52,WAF.DE,2021-10-01,3.2355237475601824,-0.525558145753116,0.03412885884173658,0.004419047694799685,0.0889150348768804,0.014435539985556786,0.006837924694020087,0.020708486274850557,0.34094530005310675,-90.67307692307692,0.01974784965240957,0.004425035387873623,3.5662660727792246,-0.24918138358913788,-10.480833333333333,0.6433333333333335,-0.002520544590107511,1.4119011288237868,-0.017789129606026882,1.728126892390069,0.0887474961706139,197200000.0,-0.10724485205450707,9400000.0,-0.10589249184722747,0.01659272790760279,2.104589114194237,5000000.0,0.0,0.6433333333333335,0.48460535961554124,-2.1800136892539355,0.22251725969198088,2.563797983783681,0.04042608622573325,-2.8081967213114756,WAF.DE,35.3625,22.3625,-0.3676210675150229,0.08517025992343341,-0.28245080759158947,11.65,-0.5640299155927313
13.51,0LVK.L,2021-10-01,2.2453071672354947,-1.1451037916686149,0.034888130451270385,-0.0005923465185682861,0.7091137649277184,-0.019640894633798422,-0.0024343644453909616,-0.020706401086067305,0.3125178214998574,24.207385565321637,0.05185857929160459,0.0033840125759030115,1.561079672534255,-0.03818121949369768,-46.2913437877701,0.2970653091079214,-0.0006013459829449924,3.4743763591716084,0.011417194864293823,0.22096529395112263,0.28240378505536845,757000000.0,-0.22543421681627462,67000000.0,-0.019233823995243177,-0.0037300192617764974,1.1452344931921332,452000000.0,-206916.0,0.2970653091079214,0.4309550896581613,3.3006189213085766,0.18363273453093812,0.32123768895807836,0.0509553739786298,-5.102459016393443,0LVK.L,24.169382763975154,34.84919517102616,0.44187360973774786,0.026910934447752034,0.4687845441854999,19.265,-0.14202389077812624
13.51,WLK,2021-10-01,2.2453071672354947,-1.1451037916686149,0.034888130451270385,-0.0005923465185682861,0.7091137649277184,-0.019640894633798422,-0.0024343644453909616,-0.020706401086067305,0.3125178214998574,24.207385565321637,0.05185857929160459,0.0033840125759030115,1.561079672534255,-0.03818121949369768,-46.2913437877701,0.2970653091079214,-0.0001294947558835441,3.458191376131989,0.011417194864293823,0.22096529395112263,0.28240378505536845,757000000.0,-0.22543421681627462,78000000.0,-0.019233823995243177,-0.0037300192617764974,1.1452344931921332,452000000.0,-206916.0,0.2970653091079214,0.4309550896581613,3.3006189213085766,0.18363273453093812,0.32123768895807836,0.0509553739786298,-5.102459016393443,WLK,24.2825,34.99,0.44095542057036974,0.026910934447752034,0.4678663550181218,19.265,-0.14573700954893906
13.500000000000002,SKY,2021-10-01,2.016845212786184,0.0671567128052517,0.050204388665089625,0.0067117584158086566,0.06526611742772762,-0.0017694646686028659,0.01189533292714108,0.02817562024683981,0.24307692307692308,67.82441053172336,0.014635750655616805,0.008280953596275155,5.2274611364932175,0.20075338880841365,1.8872516356862223,0.1299999945336251,0.014970109411759427,1.003952914863258,0.001632203873919158,56.201561574719264,0.1512612895026067,56982000.0,0.2498702944266511,17785000.0,0.040043363297813175,0.006080536569119334,1.1233956982039706,14028000.0,543451.0,0.1299999945336251,0.6561994595825127,-3.642997489357057,0.0967580714387906,0.0013934659106233926,0.04650781775564197,-11.684228416043508,SKY,15.202499999999999,18.565,0.221180726854136,0.0,0.221180726854136,18.5775,0.22709555580582572
13.499999999999998,SGA,2021-10-01,3.878360075015628,0.7652849318225168,0.014891179839633447,0.001352134550076621,0.0,-0.03483962572393576,0.0013784576276660403,0.010466080884667939,0.2585160028815478,36.54470257850396,0.025791920953211277,0.0012596271180985545,0.7269262996460474,0.0523731896563836,2.8170608108108106,0.03990688762110095,0.0023491458151253565,3.5739453238006864,0.004509494167731776,,0.20364579840386293,5199000.0,,381000.0,0.002309700275686905,0.0010014653000009546,1.45142378559464,306000.0,3000.0,0.03990688762110095,0.794246002936289,-10.978348035284684,0.12665088676203218,-0.6442493661626024,-0.011251174340718772,-6.055382215288612,SGA,6.045,5.565,-0.07940446650124063,0.28875397258587204,0.20934950608463143,3.11,0.0896072769961469
13.487500000000002,0HEM.L,2021-10-01,3.2190250344621494,0.9264684327952546,0.10082624669422142,-0.055225471494424125,0.11686208757766114,-0.005766157278323442,-0.1193902623168705,-0.030654257857678058,0.4425348947192586,-128.95885209713023,0.04843891924083836,-0.05811604391305657,3.018967350735556,-0.7630865120047714,2.0171298315575217,-0.530762020476375,-0.06185065164999479,2.4033624117761216,-0.10115427282815742,0.4211837076671969,0.2191843264495766,-3723000.0,-0.9107054740973672,-27947000.0,-0.367505976195189,-0.09966605786428558,-0.07309315794640228,-44130000.0,-247000.0,-0.530762020476375,0.6894785183777535,-1.6045505549622139,0.22099627297931698,-7.458522565445116,0.11623551569300733,-1.159783344617468,0HEM.L,5.46,3.6824999999999997,-0.3255494505494506,0.06115658206009527,-0.26439286848935534,2.3975,-0.40935714069700024
13.487500000000002,SWBI,2021-10-01,3.2190250344621494,0.9264684327952546,0.10082624669422142,-0.055225471494424125,0.11686208757766114,-0.005766157278323442,-0.1193902623168705,-0.030654257857678058,0.4425348947192586,-128.95885209713023,0.04843891924083836,-0.05811604391305657,3.018967350735556,-0.7630865120047714,2.0171298315575217,-0.530762020476375,-0.06185065164999479,2.4033624117761216,-0.10115427282815742,0.4211837076671969,0.2191843264495766,-3723000.0,-0.9107054740973672,-27947000.0,-0.367505976195189,-0.09966605786428558,-0.07309315794640228,-44130000.0,-247000.0,-0.530762020476375,0.6894785183777535,-1.6045505549622139,0.22099627297931698,-7.458522565445116,0.11623551569300733,-1.159783344617468,SWBI,5.46,3.6824999999999997,-0.3255494505494506,0.06115658206009527,-0.26439286848935534,2.3975,-0.40935714069700024
13.4875,DDS,2021-10-01,1.8319729181022324,-0.41163902446677136,0.05275124619137607,-0.002132603681640373,0.3879855517197289,-0.002168452258382386,0.007715682574516491,0.05231983690493702,0.4733317812147797,23.565290130248076,0.04244841730936217,-0.002132603681640373,2.9714833525124664,0.5713847366632288,-34.669451489382865,1.0018113459641995,-0.007930595436718646,2.2677509144000174,-0.0690717195806394,0.6192730396987889,0.32528267364942914,235782000.0,-0.44822304234394494,41414000.0,0.025099793080803262,0.002343316955128766,1.1948613996858055,-89520000.0,-970000.0,1.0018113459641995,0.4182133770529673,-0.04057488997926046,0.13049701305366979,0.9272834192672927,0.09613476537527171,-8.117375398905118,DDS,57.785,77.135,0.3348619884052957,0.10527368640158381,0.4401356748068795,150.02,1.8107896795678144
13.48,RBB,2021-10-01,0.25612726749123477,0.056647007346383504,0.003703235944235293,-0.00032405949711667445,0.7732158050281712,0.015413064504856133,0.0008597142705994085,0.015831733619937505,0.8593614770651025,15.969801805642632,0.030735910248485022,-0.0003381826288733573,1.0917802572163966,0.02228822735360403,-148.6782167056124,0.013728348898044751,-0.000989729674822571,3.183513323045661,-0.0013579587885913912,1.212157103920763,0.08165097219925808,32414000.0,,-158000.0,-0.012463385860562948,-0.01313897199491866,2.0637972749267797,-968000.0,101148.0,0.013728348898044751,0.11035704605796233,-5.516606752110034,0.37643042600250026,-0.6887502759647097,0.0035568599968710535,-65.06225680933852,RBB,6.55,4.76,-0.2732824427480916,0.07097458389623104,-0.20230785885186056,4.69,-0.15260024031626984
13.469999999999999,FFH.TO,2021-10-01,7.496609577070954,3.513206694911542,0.010748406724419299,0.005278042987820152,0.47317379814587646,-0.03861650356992494,0.004826333644202404,0.12030259570328111,0.4982389715593907,11.271490378108853,0.07335913034025468,0.005643831252732829,0.7747941491271948,0.11727751052562008,-998.0634348601101,18.235224695582755,0.01124287470333267,5.8382833826277425,0.0047143258410014405,0.5467236897254182,0.5367591388001325,1231800000.0,,1033300000.0,-0.1590339469261419,-0.25812191810882834,1.247139819783335,565000000.0,-94000.0,18.235224695582755,0.18910524967280432,-10.909023255813953,0.13667048222828798,29.690463479124325,0.026838224972688604,-13.675829383886256,FFH.TO,122.985736,230.41562852499996,0.8735150597057854,0.037107368307981975,0.9106224280137674,437.04659999999996,2.6187331344838887
13.440000000000001,PION-B.ST,2021-10-01,1.4252286431119359,0.0734258859539294,0.05074475468474721,0.01368193930280881,0.13015247615062367,0.017713061974836963,0.04543178265570924,-0.016161256722898837,0.04141907538838001,16.72347249489162,0.03871215975327332,0.01365279002242549,3.924990479056275,0.643615279056275,0.5216619851191114,0.2362274527292213,-0.011774463314212218,1.8843242933592275,0.03054968275794545,12.445099205631891,0.6388398786155717,49801000.0,,-4611000.0,0.15547511407452252,0.035512389991194146,1.2104956126491822,69605000.0,132.0,0.2362274527292213,0.3339682250562923,-1.7939767543943355,0.06059759424719438,6.742431950654661,0.12194485845530328,-427.64957264957263,PION-B.ST,4.475,1.795,-0.5988826815642458,0.1454758881158727,-0.45340679344837315,1.56,-0.47117781653188306
13.410000000000002,VHI,2021-10-01,3.6099244875943906,-0.8960172830532627,0.017303340875815254,0.0037536761431605625,0.8107293550331525,-0.016924157129753925,0.010347405279930756,0.019596238201903537,0.28337236533957844,3.336217426710098,0.06346300533943554,0.004197010390568289,0.9877938517179023,0.10887118152623032,-21.532456140350877,0.45614035087719285,0.011369520269025726,4.80926167932072,0.026213614129075247,0.45811694008172044,0.8338062547673531,270500000.0,0.19723914050577718,40900000.0,0.16812427716072914,0.1609325686605115,3.0599547511312215,104300000.0,0.0,0.45614035087719285,0.2760215626247837,-0.1942985746436609,0.07611241217798595,7.7728272086866745,0.03268836648583484,-12.863453815261044,VHI,7.1875,3.7975,-0.4716521739130435,0.03319342453853819,-0.4384587493745053,3.945,-0.3879255892165541
13.409999999999998,ETD,2021-10-01,1.419299245569234,0.12683940375316882,0.0390148086252118,0.009303503497936603,0.32693311899040106,-0.0054338571479873865,0.016384101887698198,-0.01131101460318873,0.5875690196210348,190.1625861577898,0.040280930659344946,0.009918968521838531,1.8253620181043224,0.08256345549383748,-5.13812214521972,0.26477877048245446,0.016393854461073054,2.8185548686622237,0.033075742193583224,-0.028344789368514256,0.3116747119690291,5712000.0,0.1159935900077198,13077000.0,-0.03520354930838872,-0.01969443072208904,0.21238938053097345,25766000.0,21000.0,0.26477877048245446,0.5306167745978693,0.35799671265627336,0.12924029160039022,4.506760140771209,0.04352728087946217,-4.595184007269423,ETD,6.5725,7.98,0.21414986686953225,0.16510705082097665,0.3792569176905089,7.364999999999999,0.3990805502806689
13.400000000000002,0QLZ.L,2021-10-01,1.4545094050102585,0.10942347522210905,0.0909179161775997,-0.024792269966441682,0.017415921959205948,-0.008041761560403482,-0.04919471216372126,-0.012013679907740271,0.9568258810072006,14.38879856164204,0.03758490283435414,-0.06873916592429491,3.7396741687700388,-0.3365943418161814,4.775493719015855,-0.13724913469982547,-0.0813305873903919,1.9021338928092275,-0.0802152976916426,98.0760508146227,0.12438734902794477,38105000.0,,-6422000.0,0.01886639784477856,0.010167909142548233,1.8493981751116289,-5783000.0,-17079.0,-0.13724913469982547,0.6468480553520841,-2.9994500458295144,0.302160172461834,-2.245416898653154,0.11055529026536598,-6352.833333333333,0QLZ.L,10.3,6.125,-0.40533980582524276,0.15808641203788976,-0.247253393787353,1.905,-0.5259790867640007
13.39,FLNG,2021-10-01,1.1785604186560599,-0.013378929930831784,0.013012862925042164,0.007996069404624159,1.8656724561032858,-0.00243672802547785,0.007062596389128269,0.09736569925123711,0.5875165125495376,21.614632494072485,0.03427273601029665,0.007996069404624159,1.111149289457127,0.1883145721659678,-28.429999247809246,0.37789748612782387,0.011753021879149454,1.5731188587169058,0.012107118279145283,0.0064479869856317595,0.1197122034592417,79357000.0,3.935668182143882,31228000.0,0.037800238449915945,0.02658015819623498,1.3499664695482534,32833000.0,-47000.0,0.37789748612782387,0.34567209797735726,22.749903213317847,0.40126718528303734,20.70606613985455,0.008082126265592827,-22145.5,FLNG,9.532139909390345,3.238958328503636,-0.6602065895704218,0.2253261545686916,-0.4348804350017302,5.1998367814315065,-0.014901091345376982
13.359999999999998,SB,2021-10-01,1.399404681369233,-0.7120285930686172,0.05958494773009723,0.007527621596058007,0.5559934632824922,0.0,-0.0008263125348992595,-0.008708634925888692,0.6510098332990772,-2.576459468203923,0.1421822523856721,0.007527621596058007,0.6751686306312938,-0.3297800194419078,-2.48353259091985,0.07411943464078558,-0.0023669196843989007,8.706985420547545,-0.0024726776845211546,0.6002697050593202,0.20157149900749807,-153796800.0,,-840000.0,-0.2937347057529452,-0.4452449917804132,-2.3586657464918335,-53000.0,1753042.0,0.07411943464078558,0.6206959573068207,3.343756043318507,0.7053688298482275,8.047961515451865,0.06599699664330723,4.355239669421487,SB,0.9425,0.9825,0.04244031830238731,0.25525077870297946,0.2976910970053668,1.11,0.577644041805613
13.359999999999998,SB-PC,2021-10-01,1.399404681369233,-0.7120285930686172,0.05958494773009723,0.007527621596058007,0.5559934632824922,0.0,-0.0008263125348992595,-0.008708634925888692,0.6510098332990772,-2.576459468203923,0.1421822523856721,0.007527621596058007,0.6751686306312938,-0.3297800194419078,-2.48353259091985,0.07411943464078558,-0.0023669196843989007,8.706985420547545,-0.0024726776845211546,0.6002697050593202,0.20157149900749807,-153796800.0,,-840000.0,-0.2937347057529452,-0.4452449917804132,-2.3586657464918335,-53000.0,1753042.0,0.07411943464078558,0.6206959573068207,3.343756043318507,0.7053688298482275,8.047961515451865,0.06599699664330723,4.355239669421487,SB-PC,0.9425,0.9825,0.04244031830238731,0.25525077870297946,0.2976910970053668,1.11,0.577644041805613
13.359999999999998,SB-PD,2021-10-01,1.399404681369233,-0.7120285930686172,0.05958494773009723,0.007527621596058007,0.5559934632824922,0.0,-0.0008263125348992595,-0.008708634925888692,0.6510098332990772,-2.576459468203923,0.1421822523856721,0.007527621596058007,0.6751686306312938,-0.3297800194419078,-2.48353259091985,0.07411943464078558,-0.0023669196843989007,8.706985420547545,-0.0024726776845211546,0.6002697050593202,0.20157149900749807,-153796800.0,,-840000.0,-0.2937347057529452,-0.4452449917804132,-2.3586657464918335,-53000.0,1753042.0,0.07411943464078558,0.6206959573068207,3.343756043318507,0.7053688298482275,8.047961515451865,0.06599699664330723,4.355239669421487,SB-PD,0.9425,0.9825,0.04244031830238731,0.25525077870297946,0.2976910970053668,1.11,0.577644041805613
13.35,WNEB,2021-10-01,0.13322799701182775,-0.026650322437373586,0.00245033830032402,4.6321728700177665e-05,0.09962984156503701,-0.01581035822907839,0.0007072377671706841,-0.01078430926551377,0.9308720881338828,27.002120195285258,0.032131717364259765,4.634915938649467e-05,0.8653937613103966,-0.01832032535181216,-91.23005110696151,0.014634908066187391,-0.0001047234274714811,3.6560433745215204,-3.915838554271328e-06,6.8410794415898835,0.1228547431441842,9003000.0,,-22000.0,0.011475874955032508,0.020589959843169085,1.447427652733119,249000.0,-522419.0,0.014634908066187391,0.08812078355673301,-8.578225171521764,0.2615423429484484,-0.5239745575665228,-0.0021934122527806563,-6.908942202835332,WNEB,2.19,2.25,0.02739726027397263,0.06796979124478691,0.09536705151875954,3.0025,0.49576848521358863
13.349999999999998,XD4.DE,2021-10-01,1.2045176070621673,0.0,0.040687178097932174,0.020343589048966087,0.29490135406840656,0.035933134431972935,0.05166481270243979,-0.2584800593909298,0.1178929306943596,3.5478182600425705,0.132285541806616,0.022094610194686063,0.9290387710357934,-0.07097726534562276,-24.16658382066277,2.424133097027644,-0.05047719701535314,7.159629046977987,0.35813762374682717,0.0,2.3304194623287033,1283069000.0,4.518103338860782,-617122500.0,0.13093099800222655,0.18271679424729093,2.5793857250840317,4378507500.0,-23.0,2.424133097027644,0.3310635372763494,-2.854511741795825,0.05676469148366443,52.132870510756504,0.09289839718582257,-7.749006411836133,XD4.DE,9.1625,10.375,0.1323328785811733,0.08552325674126587,0.21785613532243917,20.175,1.365909854049474
13.349999999999998,0MKP.L,2021-10-01,1.2045176070621673,0.0,0.040687178097932174,0.020343589048966087,0.29490135406840656,0.035933134431972935,0.05166481270243979,-0.2584800593909298,0.1178929306943596,3.5478182600425705,0.132285541806616,0.022094610194686063,0.9290387710357934,-0.07097726534562276,-24.16658382066277,2.424133097027644,-0.05047719701535314,7.159629046977987,0.35813762374682717,0.0,2.3304194623287033,1283069000.0,4.518103338860782,-617122500.0,0.13093099800222655,0.18271679424729093,2.5793857250840317,4378507500.0,-23.0,2.424133097027644,0.3310635372763494,-2.854511741795825,0.05676469148366443,52.132870510756504,0.09289839718582257,-7.749006411836133,0MKP.L,9.1625,10.375,0.1323328785811733,0.08552325674126587,0.21785613532243917,20.175,1.365909854049474
13.310000000000002,PAMT,2021-10-01,1.7914598350134197,0.228478282598503,0.04748366052017345,0.010028092864640514,1.0386145944195087,-0.026042184443885563,0.005428378887805174,0.017633464063294524,0.21971446469141806,14.76050582027823,0.07893927356930701,0.010028092864640514,1.634918457359678,-0.24206182617369842,-9.651536498397935,0.29170767998284153,0.015135778111764198,4.169171542490807,0.04312120133503716,0.30466495495213186,0.6054360104085456,22648000.0,11.199904894956802,10002000.0,-0.07751451355662761,-0.0134453780459175,0.9961636370155247,30829000.0,13500.0,0.29170767998284153,0.36792133215068246,3.9772503427898265,0.13038417307890088,8.53849555629127,0.09905927536902503,-9.222251104756953,PAMT,3.9525,3.9525,0.0,0.0,0.0,2.85,-0.27893738140417457
13.299999999999999,AXR,2021-10-01,19.319197827449344,-3.5027383484691335,0.03170366698757971,0.015512258226217535,0.06322834227439315,0.05053761361917031,0.025102806088064335,0.061992036984318544,0.3458980044345898,14.19180070403466,0.03173039202966133,0.015512258226217535,1.113513995857014,0.027100648123880466,2.662206221980709,0.22899841931152526,0.02402754412810062,3.202883404951086,0.05083897774765454,1.7715198404970138,0.15489315844665708,7396000.0,,2633000.0,0.12768926371708647,0.11586040408055104,2.2236921226698736,5729000.0,15000.0,0.22899841931152526,0.8973014707985015,-5.466472303206997,0.20485341217048533,12.26907303058565,0.00533223561905774,-741.6,AXR,3.56,4.1725,0.17205056179775288,0.0,0.17205056179775288,5.37,0.5084269662921348
13.289999999999997,CLMB,2021-10-01,1.1824321315660575,0.0017442540800198802,0.018070583794665324,0.004247040681980738,0.043593559218559216,-0.009711488698993548,0.018627761537850104,0.0022833010624845607,0.16653864491179743,-53.433038243626065,0.022843714399890254,0.0046350607092723595,2.878794642857143,0.549390797869576,-3.762851826006048,0.2474005501208747,-0.0018365799530459803,1.7380671118949633,-0.005417420028214437,10.92359887922494,0.5004012726738942,-2756000.0,18.64283594300556,903000.0,-0.2227367269895622,-0.09093728565743997,-0.7995358282564549,6597000.0,17000.0,0.2474005501208747,0.2747861097131354,-5.54603370324702,0.04565079196906288,2.8211304087089153,0.03576236263736264,38.529411764705884,CLMB,8.533159268929504,13.310332634388105,0.5598364234045176,0.03595522707504165,0.5957916504795592,33.71,2.9990805388982764
13.280000000000001,SAN,2021-10-01,23.152637362637364,-71.1856342423009,0.0014255859785002835,4.815020128499741e-05,2.8645922006211895,-0.02389508825741332,0.0002637130754567572,0.042682505324838305,0.8397150489759573,3.5865706770572676,0.04535001474880157,4.879459625176997e-05,0.5770776953870931,-0.12618231796372914,-75.49020107719318,0.019651043981319755,0.0005653611064551818,5.318912211212048,0.0005946244453929536,-0.034635168524707716,0.3291912718952567,0.0,,1013000000.0,-0.08446151684077388,-0.1495587857120323,7.387302779864763,1120000000.0,-249153000.0,0.019651043981319755,0.05447305015869435,8.739170086639307,0.18416578968671576,1.7907701383877872,-0.00382951800299091,-5.463367382881296,SAN,0.735,0.9625,0.3095238095238096,0.10063054818147435,0.41015435770528397,2.2175,2.168644949216218
13.27,FGBIP,2021-10-01,0.27918575169008647,0.07960521920480987,0.002796617236251442,3.825683031822343e-05,0.22169467905971263,1.662109167330228e-05,0.0006301410656065973,0.014784636998620093,0.8253597343500184,12.543550567424765,0.03685299463712951,3.805775234684431e-05,0.9755204698756972,0.08291874680017852,-185.70613362426604,0.023978154686139952,0.0004096038681329628,3.6878177383112987,0.0002992086489305816,-2.619088864636595,0.14891375296036777,17590000.0,,1657000.0,0.027287991639965592,0.02272248616712163,2.1853646415703816,1451000.0,1418.0,0.023978154686139952,0.07779001570469612,-18.40468546637744,0.2474787848973066,-0.33994636470812956,0.005950850644739138,-100.82022471910112,FGBIP,5.095,2.78,-0.4543670264965653,0.10920717994592356,-0.34515984655064175,2.005,-0.4140148444967562
13.27,FGBI,2021-10-01,0.27918575169008647,0.07960521920480987,0.002796617236251442,3.825683031822343e-05,0.22169467905971263,1.662109167330228e-05,0.0006301410656065973,0.014784636998620093,0.8253597343500184,12.543550567424765,0.03685299463712951,3.805775234684431e-05,0.9755204698756972,0.08291874680017852,-185.70613362426604,0.023978154686139952,0.0004096038681329628,3.6878177383112987,0.0002992086489305816,-2.619088864636595,0.14891375296036777,17590000.0,,1657000.0,0.027287991639965592,0.02272248616712163,2.1853646415703816,1451000.0,1418.0,0.023978154686139952,0.07779001570469612,-18.40468546637744,0.2474787848973066,-0.33994636470812956,0.005950850644739138,-100.82022471910112,FGBI,5.095,2.78,-0.4543670264965653,0.10920717994592356,-0.34515984655064175,2.005,-0.4140148444967562
13.269999999999998,RS,2021-10-01,3.9061971830985915,-0.3476008508602999,0.04417994966442953,0.001412667661922072,0.30692516224431116,-0.026628457387951193,0.0005560679984756706,-0.0029073659834366605,0.2971394188582746,30.068859803629874,0.041687512979357196,0.004487824471723932,1.6604195810400066,0.12278320654549235,-13.59652642899565,0.5088936735674281,-0.0004807151070398835,3.006390015831053,0.002450859203880773,0.12513960672894697,0.39468070975732744,393800000.0,-0.11731314554123795,30800000.0,0.0403588641746236,0.023186778826240477,0.9325124319204358,141300000.0,-976000.0,0.5088936735674281,0.6382655201342282,2.5235028976175147,0.10562338606563541,0.36068042364621733,0.03921876283578411,-8.824956672443674,RS,40.555,69.92,0.7240784120330416,0.034982865438907704,0.7590612774719493,70.2075,0.7938584473364909
