as_of,logged_at,filter_commit,list,rank,ticker,company,aggscore
2026-07-16,2026-07-16T04:38:27.901831,a55fc7b-dirty,GENERAL,1,RAVE,"RAVE Restaurant Group, Inc.",0.4006898599717168
2026-07-16,2026-07-16T04:38:27.901831,a55fc7b-dirty,GENERAL,2,SYS1.L,System1 Group PLC,0.3483606528213013
2026-07-16,2026-07-16T04:38:27.901831,a55fc7b-dirty,GENERAL,3,IMPP,Imperial Petroleum Inc.,0.3474278375936569
2026-07-16,2026-07-16T04:38:27.901831,a55fc7b-dirty,GENERAL,4,DLNG,Dynagas LNG Partners LP,0.34670920593788834
2026-07-16,2026-07-16T04:38:27.901831,a55fc7b-dirty,GENERAL,5,ALFA.L,Alfa Financial Software Holdings PLC,0.28418034583888263
2026-07-16,2026-07-16T04:38:27.901831,a55fc7b-dirty,GENERAL,6,AUDC,AudioCodes Ltd.,0.25800273197621043
2026-07-16,2026-07-16T04:38:27.901831,a55fc7b-dirty,GENERAL,7,TSTL.L,Tristel PLC,0.24209258435246217
2026-07-16,2026-07-16T04:38:27.901831,a55fc7b-dirty,GENERAL,8,ASY.L,Andrews Sykes Group plc,0.21793314456511836
2026-07-16,2026-07-16T04:38:27.901831,a55fc7b-dirty,GENERAL,9,INMD,InMode Ltd.,0.21550135080984203
2026-07-16,2026-07-16T04:38:27.901831,a55fc7b-dirty,GENERAL,10,GASS,StealthGas Inc.,0.19124822883612574
2026-07-16,2026-07-16T04:38:27.901831,a55fc7b-dirty,GENERAL,11,WATR.L,Water Intelligence plc,0.1751726875292128
2026-07-16,2026-07-16T04:38:27.901831,a55fc7b-dirty,GENERAL,12,BIJ.DE,Bijou Brigitte modische Accessoires AG,0.15664595202276965
2026-07-16,2026-07-16T04:38:27.901831,a55fc7b-dirty,GENERAL,13,AJ91.DE,DocCheck AG,0.1499271756726234
2026-07-16,2026-07-16T04:38:27.901831,a55fc7b-dirty,GENERAL,14,SD,"SandRidge Energy, Inc.",0.1455110320573534
2026-07-16,2026-07-16T04:38:27.901831,a55fc7b-dirty,GENERAL,15,EVER,"EverQuote, Inc.",0.1236061007270694
2026-07-16,2026-07-16T04:38:27.901831,a55fc7b-dirty,GENERAL,16,LSC.L,London Security plc,0.11235051031939136
2026-07-16,2026-07-16T04:38:27.901831,a55fc7b-dirty,GENERAL,17,CFX.L,Colefax Group Plc,0.09774711180979233
2026-07-16,2026-07-16T04:38:27.901831,a55fc7b-dirty,GENERAL,18,TWC.TO,TWC Enterprises Limited,0.08729418982027548
2026-07-16,2026-07-16T04:38:27.901831,a55fc7b-dirty,GENERAL,19,STO3.DE,Sto SE & Co. KGaA,0.08602997403319401
2026-07-16,2026-07-16T04:38:27.901831,a55fc7b-dirty,GENERAL,20,RFX.L,Ramsdens Holdings PLC,0.08066481070907566
2026-07-16,2026-07-16T04:38:27.901831,a55fc7b-dirty,REIT,1,MRD.TO,Melcor Developments Ltd.,3.0784530444719946
2026-07-16,2026-07-16T04:38:27.901831,a55fc7b-dirty,REIT,2,FOXT.L,Foxtons Group plc,2.808065549336859
2026-07-16,2026-07-16T04:38:27.901831,a55fc7b-dirty,REIT,3,ACRI-A.ST,Acrinova AB (publ),2.1793634750770496
2026-07-16,2026-07-16T04:38:27.901831,a55fc7b-dirty,REIT,4,CHCI,"Comstock Holding Companies, Inc.",1.1828482410311358
2026-07-16,2026-07-16T04:38:27.901831,a55fc7b-dirty,REIT,5,CDFF.L,Cardiff Property Plc,0.5336419253366653
2026-07-16,2026-07-16T04:38:27.901831,a55fc7b-dirty,REIT,6,SELF,"Global Self Storage, Inc.",-0.1588639134258727
2026-07-16,2026-07-16T04:38:27.901831,a55fc7b-dirty,REIT,7,INS.DE,Instone Real Estate Group SE,-0.4815723154220558
2026-07-16,2026-07-16T04:38:27.901831,a55fc7b-dirty,REIT,8,DEQ.DE,Deutsche EuroShop AG,-0.6371595437717087
2026-07-16,2026-07-16T04:38:27.901831,a55fc7b-dirty,REIT,9,KIM,Kimco Realty Corporation,-0.8248808993589943
2026-07-16,2026-07-16T04:38:27.901831,a55fc7b-dirty,REIT,10,OLP,"One Liberty Properties, Inc.",-1.0437279471916687
2026-07-16,2026-07-16T04:38:27.901831,a55fc7b-dirty,REIT,11,CXW,"CoreCivic, Inc.",-1.1610945673583384
2026-07-16,2026-07-16T04:38:27.901831,a55fc7b-dirty,REIT,12,OHI,"Omega Healthcare Investors, Inc.",-1.1865977423346066
2026-07-16,2026-07-16T04:38:27.901831,a55fc7b-dirty,REIT,13,LOAN,"Manhattan Bridge Capital, Inc.",-1.3420036802607673
2026-07-16,2026-07-16T04:38:27.901831,a55fc7b-dirty,REIT,14,VICI,VICI Properties Inc.,-1.8451761252904753
2026-07-16,2026-07-16T04:38:27.901831,a55fc7b-dirty,REIT,15,HUFV-A.ST,Hufvudstaden AB (publ),-2.6331250145443086
2026-07-16,2026-07-16T04:38:27.901831,a55fc7b-dirty,REIT,16,IIPR,"Innovative Industrial Properties, Inc.",-2.7938004565698535
2026-07-16,2026-07-16T04:38:27.901831,a55fc7b-dirty,REIT,17,CTRE,"CareTrust REIT, Inc.",-2.8661065372204555
2026-07-16,2026-07-16T04:38:27.901831,a55fc7b-dirty,REIT,18,SBRA,"Sabra Health Care REIT, Inc.",-2.9033273369264316
2026-07-16,2026-07-16T04:38:27.901831,a55fc7b-dirty,REIT,19,TRNO,Terreno Realty Corporation,-2.9835504657980705
2026-07-16,2026-07-16T04:38:27.901831,a55fc7b-dirty,REIT,20,FOR,Forestar Group Inc.,-3.740070086712266
2026-07-16,2026-07-16T04:38:27.901831,a55fc7b-dirty,REIT,21,EPRT,"Essential Properties Realty Trust, Inc.",-3.803000666117153
2026-07-16,2026-07-16T04:38:27.901831,a55fc7b-dirty,MINING,1,SLP.L,Sylvania Platinum Ltd,12.655487237305115
2026-07-16,2026-07-16T04:38:27.901831,a55fc7b-dirty,MINING,2,LUG.TO,Lundin Gold Inc.,3.1784246582974367
2026-07-16,2026-07-16T04:38:27.901831,a55fc7b-dirty,MINING,3,FRES.L,Fresnillo plc,1.2299272275647553
2026-07-16,2026-07-16T04:38:27.901831,a55fc7b-dirty,MINING,4,SRB.L,Serabi Gold plc,1.212862878094301
2026-07-16,2026-07-16T04:38:27.901831,a55fc7b-dirty,MINING,5,TFPM.TO,Triple Flag Precious Metals Corp.,0.3227695542725595
2026-07-16,2026-07-16T04:38:27.901831,a55fc7b-dirty,MINING,6,DPM.TO,DPM Metals Inc.,0.037856639550163995
2026-07-16,2026-07-16T04:38:27.901831,a55fc7b-dirty,MINING,7,AU,AngloGold Ashanti plc,-0.20072222131843748
2026-07-16,2026-07-16T04:38:27.901831,a55fc7b-dirty,MINING,8,KGC,Kinross Gold Corporation,-0.552776630214764
2026-07-16,2026-07-16T04:38:27.901831,a55fc7b-dirty,MINING,9,FSM,Fortuna Mining Corp.,-0.7220756931020118
2026-07-16,2026-07-16T04:38:27.901831,a55fc7b-dirty,MINING,10,EGO,Eldorado Gold Corporation,-0.7248213365576248
2026-07-16,2026-07-16T04:38:27.901831,a55fc7b-dirty,MINING,11,GFI,Gold Fields Limited,-0.9316605316266182
2026-07-16,2026-07-16T04:38:27.901831,a55fc7b-dirty,MINING,12,TXG.TO,Torex Gold Resources Inc.,-1.1472185263115904
2026-07-16,2026-07-16T04:38:27.901831,a55fc7b-dirty,MINING,13,WDO.TO,Wesdome Gold Mines Ltd.,-1.625353651549667
2026-07-16,2026-07-16T04:38:27.901831,a55fc7b-dirty,MINING,14,MSA.TO,Mineros S.A.,-1.6386204411300231
2026-07-16,2026-07-16T04:38:27.901831,a55fc7b-dirty,MINING,15,KNT.TO,K92 Mining Inc.,-1.75514835593203
2026-07-16,2026-07-16T04:38:27.901831,a55fc7b-dirty,MINING,16,BVN,Compañía de Minas Buenaventura S.A.A.,-2.3694627455973274
2026-07-16,2026-07-16T04:38:27.901831,a55fc7b-dirty,MINING,17,AEM,Agnico Eagle Mines Limited,-2.666622990700879
2026-07-16,2026-07-16T04:38:27.901831,a55fc7b-dirty,MINING,18,NEM,Newmont Corporation,-2.8903357842573816
2026-07-16,2026-07-16T04:38:27.901831,a55fc7b-dirty,MINING,19,B,Barrick Mining Corporation,-3.1408378961395136
2026-07-16,2026-07-16T04:38:27.901831,a55fc7b-dirty,MINING,20,ASM.TO,Avino Silver & Gold Mines Ltd.,-4.784280789180156
2026-07-16,2026-07-16T04:38:27.901831,a55fc7b-dirty,MINING,21,PAAS,Pan American Silver Corp.,-5.43027783079036
2026-07-16,2026-07-16T04:38:27.901831,a55fc7b-dirty,MINING,22,IAG,Iamgold Corporation,-7.42146106185336
2026-07-16,2026-07-16T04:38:27.901831,a55fc7b-dirty,FIN1,1,CGI.L,"Canadian General Investments, Limited",0.7709038889897211
2026-07-16,2026-07-16T04:38:27.901831,a55fc7b-dirty,FIN1,2,CGI.TO,"Canadian General Investments, Limited",0.35123736990564025
2026-07-16,2026-07-16T04:38:27.901831,a55fc7b-dirty,FIN1,3,HVPE.L,HarbourVest Global Private Equity Limited,0.273658149581615
2026-07-16,2026-07-16T04:38:27.901831,a55fc7b-dirty,FIN1,4,LIV.L,Livermore Investments Group Limited,0.20047270983962562
2026-07-16,2026-07-16T04:38:27.901831,a55fc7b-dirty,FIN1,5,ONEX.TO,Onex Corporation,0.1759272455123445
2026-07-16,2026-07-16T04:38:27.901831,a55fc7b-dirty,FIN1,6,BPCR.L,BioPharma Credit PLC,0.006663641751179172
2026-07-16,2026-07-16T04:38:27.901831,a55fc7b-dirty,FIN1,7,III.L,3i Group plc,-0.24369928936749785
2026-07-16,2026-07-16T04:38:27.901831,a55fc7b-dirty,FIN1,8,MPV,Barings Participation Investors,-0.4519226561236894
2026-07-16,2026-07-16T04:38:27.901831,a55fc7b-dirty,FIN1,9,AAS.L,abrdn Asia Focus plc,-0.5487159710580767
2026-07-16,2026-07-16T04:38:27.901831,a55fc7b-dirty,FIN1,10,BBDC,"Barings BDC, Inc.",-0.5972138060242895
2026-07-16,2026-07-16T04:38:27.901831,a55fc7b-dirty,FIN1,11,JGGI.L,JPMorgan Global Growth & Income plc,-0.6125325091443437
2026-07-16,2026-07-16T04:38:27.901831,a55fc7b-dirty,FIN1,12,CLDN.L,Caledonia Investments plc,-0.6690115652861406
2026-07-16,2026-07-16T04:38:27.901831,a55fc7b-dirty,FIN1,13,TY,Tri-Continental Corporation,-0.6714414634549852
2026-07-16,2026-07-16T04:38:27.901831,a55fc7b-dirty,FIN1,14,GROW,"U.S. Global Investors, Inc.",-0.7590129425022468
2026-07-16,2026-07-16T04:38:27.901831,a55fc7b-dirty,FIN1,15,GCP.L,GCP Infrastructure Investments Limited,-0.7597875325451378
2026-07-16,2026-07-16T04:38:27.901831,a55fc7b-dirty,FIN1,16,FAS.L,Fidelity Asian Values PLC,-0.8469946865500744
2026-07-16,2026-07-16T04:38:27.901831,a55fc7b-dirty,FIN1,17,SOR,"Source Capital, Inc.",-0.8553941581571051
2026-07-16,2026-07-16T04:38:27.901831,a55fc7b-dirty,FIN1,18,SAIN.L,The Scottish American Investment Company PLC,-0.9150363264329122
2026-07-16,2026-07-16T04:38:27.901831,a55fc7b-dirty,FIN1,19,CVG.TO,Clairvest Group Inc.,-0.9162950448008564
2026-07-16,2026-07-16T04:38:27.901831,a55fc7b-dirty,FIN1,20,CYB.TO,Cymbria Corporation,-0.9886936327090111
2026-07-16,2026-07-16T04:38:27.901831,a55fc7b-dirty,FIN2,1,PLUS.L,Plus500 Ltd.,8.792553019966487
2026-07-16,2026-07-16T04:38:27.901831,a55fc7b-dirty,FIN2,2,POLR.L,Polar Capital Holdings plc,8.426682333085548
2026-07-16,2026-07-16T04:38:27.901831,a55fc7b-dirty,FIN2,3,ASHM.L,Ashmore Group PLC,2.5080494226933907
2026-07-16,2026-07-16T04:38:27.901831,a55fc7b-dirty,FIN2,4,AJB.L,AJ Bell plc,2.349093120523351
2026-07-16,2026-07-16T04:38:27.901831,a55fc7b-dirty,FIN2,5,BRK.L,Brooks Macdonald Group plc,2.1352519165422663
2026-07-16,2026-07-16T04:38:27.901831,a55fc7b-dirty,FIN2,6,CLIG.L,City of London Investment Group PLC,1.9324263325699236
2026-07-16,2026-07-16T04:38:27.901831,a55fc7b-dirty,FIN2,7,EMG.L,Man Group plc,0.7558130597691161
2026-07-16,2026-07-16T04:38:27.901831,a55fc7b-dirty,FIN2,8,TCAP.L,TP ICAP Group plc,0.40371454602366097
2026-07-16,2026-07-16T04:38:27.901831,a55fc7b-dirty,FIN2,9,DWS.DE,DWS Group GmbH & Co. KGaA,-0.44860370079258816
2026-07-16,2026-07-16T04:38:27.901831,a55fc7b-dirty,FIN2,10,RAT.L,Rathbones Group Plc,-2.169980288196602
2026-07-16,2026-07-16T04:38:27.901831,a55fc7b-dirty,FIN2,11,PNFP,"Pinnacle Financial Partners, Inc.",-2.7608550510750947
2026-07-16,2026-07-16T04:38:27.901831,a55fc7b-dirty,FIN2,12,SDR.L,Schroders plc,-3.1683754303695117
2026-07-16,2026-07-16T04:38:27.901831,a55fc7b-dirty,FIN2,13,APAM,Artisan Partners Asset Management Inc.,-3.4770289310854547
2026-07-16,2026-07-16T04:38:27.901831,a55fc7b-dirty,FIN2,14,VRTS,"Virtus Investment Partners, Inc.",-5.391850116352057
2026-07-16,2026-07-16T04:38:27.901831,a55fc7b-dirty,FIN2,15,ABDN.L,Aberdeen Group plc,-6.118230456070245
2026-07-16,2026-07-16T04:38:27.901831,a55fc7b-dirty,FIN2,16,SCHW,The Charles Schwab Corporation,-6.421429561430566
2026-07-16,2026-07-16T04:38:27.901831,a55fc7b-dirty,FIN2,17,HLI,"Houlihan Lokey, Inc.",-6.427619313744089
2026-07-16,2026-07-16T04:38:27.901831,a55fc7b-dirty,FIN2,18,RJF,"Raymond James Financial, Inc.",-6.428409540056519
2026-07-16,2026-07-16T04:38:27.901831,a55fc7b-dirty,FIN2,19,BEN,"Franklin Resources, Inc.",-7.5602606985592775
2026-07-16,2026-07-16T04:38:27.901831,a55fc7b-dirty,FIN2,20,EVR,Evercore Inc.,-7.738604241397592
2026-07-16,2026-07-16T04:38:27.901831,a55fc7b-dirty,FIN2,21,BLK,"BlackRock, Inc.",-10.315900550943962
2026-07-16,2026-07-16T04:38:27.901831,a55fc7b-dirty,FIN3,1,PAG.L,Paragon Banking Group PLC,6.280653504419764
2026-07-16,2026-07-16T04:38:27.901831,a55fc7b-dirty,FIN3,2,FINV,FinVolution Group,6.090254867101486
2026-07-16,2026-07-16T04:38:27.901831,a55fc7b-dirty,FIN3,3,OPBK,OP Bancorp,2.232084664338939
2026-07-16,2026-07-16T04:38:27.901831,a55fc7b-dirty,FIN3,4,PKBK,"Parke Bancorp, Inc.",1.5033724803805124
2026-07-16,2026-07-16T04:38:27.901831,a55fc7b-dirty,FIN3,5,MPCK.DE,MPC Münchmeyer Petersen Capital AG,1.2423237413125572
2026-07-16,2026-07-16T04:38:27.901831,a55fc7b-dirty,FIN3,6,HBT,"HBT Financial, Inc.",1.1544567048795986
2026-07-16,2026-07-16T04:38:27.901831,a55fc7b-dirty,FIN3,7,PGC,Peapack-Gladstone Financial Corporation,1.0886575270785146
2026-07-16,2026-07-16T04:38:27.901831,a55fc7b-dirty,FIN3,8,ACT,Enact Holdings Inc.,0.1427463351255668
2026-07-16,2026-07-16T04:38:27.901831,a55fc7b-dirty,FIN3,9,ATLC,Atlanticus Holdings Corporation,-0.14680875810969995
2026-07-16,2026-07-16T04:38:27.901831,a55fc7b-dirty,FIN3,10,FVCB,"FVCBankcorp, Inc.",-0.20923409231661644
2026-07-16,2026-07-16T04:38:27.901831,a55fc7b-dirty,FIN3,11,SYF,Synchrony Financial,-1.085155046927685
2026-07-16,2026-07-16T04:38:27.901831,a55fc7b-dirty,FIN3,12,SFE.DE,Synchrony Financial R,-1.6275234280375495
2026-07-16,2026-07-16T04:38:27.901831,a55fc7b-dirty,FIN3,13,AROW,Arrow Financial Corporation,-1.9092799213450802
2026-07-16,2026-07-16T04:38:27.901831,a55fc7b-dirty,FIN3,14,FSBC,Five Star Bancorp,-2.5688073516508227
2026-07-16,2026-07-16T04:38:27.901831,a55fc7b-dirty,FIN3,15,ENVA,"Enova International, Inc.",-2.7477746680793134
2026-07-16,2026-07-16T04:38:27.901831,a55fc7b-dirty,FIN3,16,BPOP,"Popular, Inc.",-3.2364338750932613
2026-07-16,2026-07-16T04:38:27.901831,a55fc7b-dirty,FIN3,17,RRBI,"Red River Bancshares, Inc.",-3.291988436677452
2026-07-16,2026-07-16T04:38:27.901831,a55fc7b-dirty,FIN3,18,FBP,First BanCorp.,-3.354419208199006
2026-07-16,2026-07-16T04:38:27.901831,a55fc7b-dirty,FIN3,19,TROW,"T. Rowe Price Group, Inc.",-4.5025159795593
2026-07-16,2026-07-16T04:38:27.901831,a55fc7b-dirty,FIN3,20,HIG,"The Hartford Insurance Group, Inc.",-6.75470421179332
2026-07-16,2026-07-16T04:38:27.901831,a55fc7b-dirty,FIN3,21,SEIC,SEI Investments Company,-7.0576632679615825
2026-07-17,2026-07-17T11:41:08.186515,12a7571-dirty,GENERAL,1,IMPP,Imperial Petroleum Inc.,0.4026055176228801
2026-07-17,2026-07-17T11:41:08.186515,12a7571-dirty,GENERAL,2,RAVE,"RAVE Restaurant Group, Inc.",0.3741333792590948
2026-07-17,2026-07-17T11:41:08.186515,12a7571-dirty,GENERAL,3,SYS1.L,System1 Group PLC,0.3388113821315273
2026-07-17,2026-07-17T11:41:08.186515,12a7571-dirty,GENERAL,4,INMD,InMode Ltd.,0.26461398026091226
2026-07-17,2026-07-17T11:41:08.186515,12a7571-dirty,GENERAL,5,AUDC,AudioCodes Ltd.,0.25606764212705124
2026-07-17,2026-07-17T11:41:08.186515,12a7571-dirty,GENERAL,6,ALFA.L,Alfa Financial Software Holdings PLC,0.22749454448932555
2026-07-17,2026-07-17T11:41:08.186515,12a7571-dirty,GENERAL,7,ASY.L,Andrews Sykes Group plc,0.20756486090670428
2026-07-17,2026-07-17T11:41:08.186515,12a7571-dirty,GENERAL,8,TSTL.L,Tristel PLC,0.199601756664591
2026-07-17,2026-07-17T11:41:08.186515,12a7571-dirty,GENERAL,9,BIJ.DE,Bijou Brigitte modische Accessoires AG,0.19119298455357125
2026-07-17,2026-07-17T11:41:08.186515,12a7571-dirty,GENERAL,10,WATR.L,Water Intelligence plc,0.17439940256494976
2026-07-17,2026-07-17T11:41:08.186515,12a7571-dirty,GENERAL,11,GASS,StealthGas Inc.,0.1685674141210134
2026-07-17,2026-07-17T11:41:08.186515,12a7571-dirty,GENERAL,12,SD,"SandRidge Energy, Inc.",0.15185498729845065
2026-07-17,2026-07-17T11:41:08.186515,12a7571-dirty,GENERAL,13,AJ91.DE,DocCheck AG,0.14192088925142035
2026-07-17,2026-07-17T11:41:08.186515,12a7571-dirty,GENERAL,14,CFX.L,Colefax Group Plc,0.1096650099669609
2026-07-17,2026-07-17T11:41:08.186515,12a7571-dirty,GENERAL,15,EVER,"EverQuote, Inc.",0.10754553699055863
2026-07-17,2026-07-17T11:41:08.186515,12a7571-dirty,GENERAL,16,LSC.L,London Security plc,0.09901682102677112
2026-07-17,2026-07-17T11:41:08.186515,12a7571-dirty,GENERAL,17,MOV,"Movado Group, Inc.",0.09038357772910909
2026-07-17,2026-07-17T11:41:08.186515,12a7571-dirty,GENERAL,18,TWC.TO,TWC Enterprises Limited,0.08886850008977126
2026-07-17,2026-07-17T11:41:08.186515,12a7571-dirty,GENERAL,19,RFX.L,Ramsdens Holdings PLC,0.08143804296073595
2026-07-17,2026-07-17T11:41:08.186515,12a7571-dirty,GENERAL,20,STNG,Scorpio Tankers Inc.,0.08028543863848969
2026-07-17,2026-07-17T11:41:08.186515,12a7571-dirty,REIT,1,0Q76.L,CBo Territoria S.A.,3.657106930139692
2026-07-17,2026-07-17T11:41:08.186515,12a7571-dirty,REIT,2,MRD.TO,Melcor Developments Ltd.,2.5960388176815643
2026-07-17,2026-07-17T11:41:08.186515,12a7571-dirty,REIT,3,FOXT.L,Foxtons Group plc,2.1689428171968554
2026-07-17,2026-07-17T11:41:08.186515,12a7571-dirty,REIT,4,ACRI-A.ST,Acrinova AB (publ),1.573573970870326
2026-07-17,2026-07-17T11:41:08.186515,12a7571-dirty,REIT,5,NIVI-B.ST,Nivika Fastigheter AB (publ),1.2028017813435143
2026-07-17,2026-07-17T11:41:08.186515,12a7571-dirty,REIT,6,CHCI,"Comstock Holding Companies, Inc.",0.6882164408282941
2026-07-17,2026-07-17T11:41:08.186515,12a7571-dirty,REIT,7,INS.DE,Instone Real Estate Group SE,-0.639549002920357
2026-07-17,2026-07-17T11:41:08.186515,12a7571-dirty,REIT,8,DEQ.DE,Deutsche EuroShop AG,-0.914751083812511
2026-07-17,2026-07-17T11:41:08.186515,12a7571-dirty,REIT,9,OLP,"One Liberty Properties, Inc.",-1.171065624760707
2026-07-17,2026-07-17T11:41:08.186515,12a7571-dirty,REIT,10,LOAN,"Manhattan Bridge Capital, Inc.",-1.2989131174125501
2026-07-17,2026-07-17T11:41:08.186515,12a7571-dirty,REIT,11,OHI,"Omega Healthcare Investors, Inc.",-1.3783107069056417
2026-07-17,2026-07-17T11:41:08.186515,12a7571-dirty,REIT,12,KIM,Kimco Realty Corporation,-1.5295523736013577
2026-07-17,2026-07-17T11:41:08.186515,12a7571-dirty,REIT,13,VICI,VICI Properties Inc.,-1.8432799974688916
2026-07-17,2026-07-17T11:41:08.186515,12a7571-dirty,REIT,14,0QU6.L,HIAG Immobilien Holding AG,-1.8538404315559824
2026-07-17,2026-07-17T11:41:08.186515,12a7571-dirty,REIT,15,0JR1.L,Kimco Realty Corporation,-2.168515509682037
2026-07-17,2026-07-17T11:41:08.186515,12a7571-dirty,REIT,16,IIPR,"Innovative Industrial Properties, Inc.",-2.409641154486856
2026-07-17,2026-07-17T11:41:08.186515,12a7571-dirty,REIT,17,HUFV-A.ST,Hufvudstaden AB (publ),-2.6965097879398625
2026-07-17,2026-07-17T11:41:08.186515,12a7571-dirty,REIT,18,CTRE,"CareTrust REIT, Inc.",-2.8474346238138
2026-07-17,2026-07-17T11:41:08.186515,12a7571-dirty,REIT,19,TRNO,Terreno Realty Corporation,-2.953780004721479
2026-07-17,2026-07-17T11:41:08.186515,12a7571-dirty,REIT,20,EPRT,"Essential Properties Realty Trust, Inc.",-3.2375407341439866
2026-07-17,2026-07-17T11:41:08.186515,12a7571-dirty,REIT,21,SBRA,"Sabra Health Care REIT, Inc.",-3.4542371348254184
2026-07-17,2026-07-17T11:41:08.186515,12a7571-dirty,MINING,1,SLP.L,Sylvania Platinum Ltd,13.09786808340344
2026-07-17,2026-07-17T11:41:08.186515,12a7571-dirty,MINING,2,FRES.L,Fresnillo plc,1.6388375959311532
2026-07-17,2026-07-17T11:41:08.186515,12a7571-dirty,MINING,3,SRB.L,Serabi Gold plc,1.4277405392238802
2026-07-17,2026-07-17T11:41:08.186515,12a7571-dirty,MINING,4,TFPM,Triple Flag Precious Metals Corp.,0.836045802167381
2026-07-17,2026-07-17T11:41:08.186515,12a7571-dirty,MINING,5,DPM.TO,DPM Metals Inc.,0.23073037778906857
2026-07-17,2026-07-17T11:41:08.186515,12a7571-dirty,MINING,6,AU,AngloGold Ashanti plc,0.08238270916717177
2026-07-17,2026-07-17T11:41:08.186515,12a7571-dirty,MINING,7,GFI,Gold Fields Limited,-0.39280485509051993
2026-07-17,2026-07-17T11:41:08.186515,12a7571-dirty,MINING,8,KGC,Kinross Gold Corporation,-0.4128843152024393
2026-07-17,2026-07-17T11:41:08.186515,12a7571-dirty,MINING,9,FSM,Fortuna Mining Corp.,-0.7553776044615628
2026-07-17,2026-07-17T11:41:08.186515,12a7571-dirty,MINING,10,TXG.TO,Torex Gold Resources Inc.,-0.767994416808652
2026-07-17,2026-07-17T11:41:08.186515,12a7571-dirty,MINING,11,EGO,Eldorado Gold Corporation,-0.8045494955379788
2026-07-17,2026-07-17T11:41:08.186515,12a7571-dirty,MINING,12,MSA.TO,Mineros S.A.,-1.3007134849632536
2026-07-17,2026-07-17T11:41:08.186515,12a7571-dirty,MINING,13,KNT.TO,K92 Mining Inc.,-1.3658778572770198
2026-07-17,2026-07-17T11:41:08.186515,12a7571-dirty,MINING,14,ANP.L,Anpario PLC,-1.391941311353083
2026-07-17,2026-07-17T11:41:08.186515,12a7571-dirty,MINING,15,WDO.TO,Wesdome Gold Mines Ltd.,-1.3975442389149086
2026-07-17,2026-07-17T11:41:08.186515,12a7571-dirty,MINING,16,AEM,Agnico Eagle Mines Limited,-2.4958705614336383
2026-07-17,2026-07-17T11:41:08.186515,12a7571-dirty,MINING,17,BVN,Compañía de Minas Buenaventura S.A.A.,-2.666875316302111
2026-07-17,2026-07-17T11:41:08.186515,12a7571-dirty,MINING,18,NEM,Newmont Corporation,-2.823812668902958
2026-07-17,2026-07-17T11:41:08.186515,12a7571-dirty,MINING,19,B,Barrick Mining Corporation,-3.0921340275896494
2026-07-17,2026-07-17T11:41:08.186515,12a7571-dirty,MINING,20,ASM.TO,Avino Silver & Gold Mines Ltd.,-4.731982218405479
2026-07-17,2026-07-17T11:41:08.186515,12a7571-dirty,MINING,21,PAAS,Pan American Silver Corp.,-5.523804867247826
2026-07-17,2026-07-17T11:41:08.186515,12a7571-dirty,MINING,22,IAG,Iamgold Corporation,-7.34011518309361
2026-07-17,2026-07-17T11:41:08.186515,12a7571-dirty,FIN1,1,DC-A.TO,Dundee Corporation,2.003627394522232
2026-07-17,2026-07-17T11:41:08.186515,12a7571-dirty,FIN1,2,CGI.L,"Canadian General Investments, Limited",-0.16674271481500014
2026-07-17,2026-07-17T11:41:08.186515,12a7571-dirty,FIN1,3,LIV.L,Livermore Investments Group Limited,-0.20203049844085808
2026-07-17,2026-07-17T11:41:08.186515,12a7571-dirty,FIN1,4,CGI.TO,"Canadian General Investments, Limited",-0.23509624325043627
2026-07-17,2026-07-17T11:41:08.186515,12a7571-dirty,FIN1,5,BPCR.L,BioPharma Credit PLC,-0.2397530399605139
2026-07-17,2026-07-17T11:41:08.186515,12a7571-dirty,FIN1,6,SWKHL,SWK Holdings Corporation 9.00% Senior Notes due 2027,-0.27585612232411655
2026-07-17,2026-07-17T11:41:08.186515,12a7571-dirty,FIN1,7,HVPD.L,HarbourVest Global Private Equity Ltd.,-0.31519361463573936
2026-07-17,2026-07-17T11:41:08.186515,12a7571-dirty,FIN1,8,MPV,Barings Participation Investors,-0.6550659175487201
2026-07-17,2026-07-17T11:41:08.186515,12a7571-dirty,FIN1,9,BBDC,"Barings BDC, Inc.",-0.7696417794098034
2026-07-17,2026-07-17T11:41:08.186515,12a7571-dirty,FIN1,10,VTAS.L,Volta Finance Limited,-0.8683932192776789
2026-07-17,2026-07-17T11:41:08.186515,12a7571-dirty,FIN1,11,VTA.L,Volta Finance Limited,-0.9162074875322325
2026-07-17,2026-07-17T11:41:08.186515,12a7571-dirty,FIN1,12,III.L,3i Group plc,-1.0328117008420585
2026-07-17,2026-07-17T11:41:08.186515,12a7571-dirty,FIN1,13,GCP.L,GCP Infrastructure Investments Limited,-1.0668866079073371
2026-07-17,2026-07-17T11:41:08.186515,12a7571-dirty,FIN1,14,AAS.L,abrdn Asia Focus plc,-1.0701955054337087
2026-07-17,2026-07-17T11:41:08.186515,12a7571-dirty,FIN1,15,JGGI.L,JPMorgan Global Growth & Income plc,-1.0844217259458608
2026-07-17,2026-07-17T11:41:08.186515,12a7571-dirty,FIN1,16,SOR,"Source Capital, Inc.",-1.1640293144711311
2026-07-17,2026-07-17T11:41:08.186515,12a7571-dirty,FIN1,17,CVG.TO,Clairvest Group Inc.,-1.2203293260594923
2026-07-17,2026-07-17T11:41:08.186515,12a7571-dirty,FIN1,18,FAS.L,Fidelity Asian Values PLC,-1.3002713145642226
2026-07-17,2026-07-17T11:41:08.186515,12a7571-dirty,FIN1,19,SAIN.L,The Scottish American Investment Company PLC,-1.312403001954948
2026-07-17,2026-07-17T11:41:08.186515,12a7571-dirty,FIN1,20,CYB.TO,Cymbria Corporation,-1.374903468177408
2026-07-17,2026-07-17T11:41:08.186515,12a7571-dirty,FIN2,1,PLUS.L,Plus500 Ltd.,6.399268099555857
2026-07-17,2026-07-17T11:41:08.186515,12a7571-dirty,FIN2,2,QLT.L,Quilter plc,6.23389191575656
2026-07-17,2026-07-17T11:41:08.186515,12a7571-dirty,FIN2,3,POLR.L,Polar Capital Holdings plc,4.500331707425637
2026-07-17,2026-07-17T11:41:08.186515,12a7571-dirty,FIN2,4,CLIG.L,City of London Investment Group PLC,1.1524255874134355
2026-07-17,2026-07-17T11:41:08.186515,12a7571-dirty,FIN2,5,0OPJ.L,ABC arbitrage S.A.,1.1495382606916507
2026-07-17,2026-07-17T11:41:08.186515,12a7571-dirty,FIN2,6,TCAP.L,TP ICAP Group plc,0.5692601233828459
2026-07-17,2026-07-17T11:41:08.186515,12a7571-dirty,FIN2,7,AJB.L,AJ Bell plc,0.1926637239461384
2026-07-17,2026-07-17T11:41:08.186515,12a7571-dirty,FIN2,8,EMG.L,Man Group plc,-0.17009543510341119
2026-07-17,2026-07-17T11:41:08.186515,12a7571-dirty,FIN2,9,0QLD.L,Swissquote Group Holding Ltd,-0.3368372334326437
2026-07-17,2026-07-17T11:41:08.186515,12a7571-dirty,FIN2,10,CASE.ST,Case Group AB (publ),-0.9366844220024495
2026-07-17,2026-07-17T11:41:08.186515,12a7571-dirty,FIN2,11,MPCK.DE,MPC Münchmeyer Petersen Capital AG,-1.269598027055348
2026-07-17,2026-07-17T11:41:08.186515,12a7571-dirty,FIN2,12,RAT.L,Rathbones Group Plc,-2.2016921706917225
2026-07-17,2026-07-17T11:41:08.186515,12a7571-dirty,FIN2,13,AGF-B.TO,AGF Management Limited,-2.2422060515658933
2026-07-17,2026-07-17T11:41:08.186515,12a7571-dirty,FIN2,14,HGBL,Heritage Global Inc.,-2.268818088407168
2026-07-17,2026-07-17T11:41:08.186515,12a7571-dirty,FIN2,15,IHP.L,IntegraFin Holdings PLC,-3.300897597106122
2026-07-17,2026-07-17T11:41:08.186515,12a7571-dirty,FIN2,16,SDR.L,Schroders plc,-3.7079434000095657
2026-07-17,2026-07-17T11:41:08.186515,12a7571-dirty,FIN2,17,VCTR,"Victory Capital Holdings, Inc.",-5.166333312691401
2026-07-17,2026-07-17T11:41:08.186515,12a7571-dirty,FIN2,18,TROW,"T. Rowe Price Group, Inc.",-5.4799312587972615
2026-07-17,2026-07-17T11:41:08.186515,12a7571-dirty,FIN2,19,SEIC,SEI Investments Company,-5.585321673315975
2026-07-17,2026-07-17T11:41:08.186515,12a7571-dirty,FIN2,20,FHI,"Federated Hermes, Inc.",-5.708787145997062
2026-07-17,2026-07-17T11:41:08.186515,12a7571-dirty,FIN2,21,0KNY.L,"T. Rowe Price Group, Inc.",-5.714674503528738
2026-07-17,2026-07-17T11:41:08.186515,12a7571-dirty,FIN2,22,PIPR,Piper Sandler Companies,-6.96778431645988
2026-07-17,2026-07-17T11:41:08.186515,12a7571-dirty,FIN3,1,PAG.L,Paragon Banking Group PLC,12.655520980762716
2026-07-17,2026-07-17T11:41:08.186515,12a7571-dirty,FIN3,2,FINV,FinVolution Group,9.22655893959767
2026-07-17,2026-07-17T11:41:08.186515,12a7571-dirty,FIN3,3,ATLC,Atlanticus Holdings Corporation,5.066951234677035
2026-07-17,2026-07-17T11:41:08.186515,12a7571-dirty,FIN3,4,QFIN,"Qfin Holdings, Inc.",3.245965242318696
2026-07-17,2026-07-17T11:41:08.186515,12a7571-dirty,FIN3,5,SFE.DE,Synchrony Financial R,1.7581494103895432
2026-07-17,2026-07-17T11:41:08.186515,12a7571-dirty,FIN3,6,SYF,Synchrony Financial,1.7524292595099262
2026-07-17,2026-07-17T11:41:08.186515,12a7571-dirty,FIN3,7,OPBK,OP Bancorp,1.681081660974397
2026-07-17,2026-07-17T11:41:08.186515,12a7571-dirty,FIN3,8,ACT,Enact Holdings Inc.,1.5386183571478458
2026-07-17,2026-07-17T11:41:08.186515,12a7571-dirty,FIN3,9,PKBK,"Parke Bancorp, Inc.",0.65985467881395
2026-07-17,2026-07-17T11:41:08.186515,12a7571-dirty,FIN3,10,ENVA,"Enova International, Inc.",0.4999148601961415
2026-07-17,2026-07-17T11:41:08.186515,12a7571-dirty,FIN3,11,HBT,"HBT Financial, Inc.",-0.3666913373535307
2026-07-17,2026-07-17T11:41:08.186515,12a7571-dirty,FIN3,12,RNR,RenaissanceRe Holdings Ltd.,-0.40376007119760526
2026-07-17,2026-07-17T11:41:08.186515,12a7571-dirty,FIN3,13,PGC,Peapack-Gladstone Financial Corporation,-2.0587692190081985
2026-07-17,2026-07-17T11:41:08.186515,12a7571-dirty,FIN3,14,BPOP,"Popular, Inc.",-2.293254112065159
2026-07-17,2026-07-17T11:41:08.186515,12a7571-dirty,FIN3,15,FBP,First BanCorp.,-2.831020841003985
2026-07-17,2026-07-17T11:41:08.186515,12a7571-dirty,FIN3,16,FSBC,Five Star Bancorp,-3.3402017817554808
2026-07-17,2026-07-17T11:41:08.186515,12a7571-dirty,FIN3,17,FVCB,"FVCBankcorp, Inc.",-4.179252623762422
2026-07-17,2026-07-17T11:41:08.186515,12a7571-dirty,FIN3,18,CPF,Central Pacific Financial Corp.,-4.264009729449694
2026-07-17,2026-07-17T11:41:08.186515,12a7571-dirty,FIN3,19,HIG,"The Hartford Insurance Group, Inc.",-4.455435050890747
2026-07-17,2026-07-17T11:41:08.186515,12a7571-dirty,FIN3,20,RRBI,"Red River Bancshares, Inc.",-4.540710147437012
2026-07-17,2026-07-17T11:41:08.186515,12a7571-dirty,FIN3,21,0J3H.L,"The Hartford Financial Services Group, Inc.",-4.7081173986296925
2026-07-17,2026-07-17T11:41:08.186515,12a7571-dirty,FIN3,22,AROW,Arrow Financial Corporation,-4.74403583506056
2026-07-17,2026-07-17T11:41:08.186515,12a7571-dirty,FIN3,23,MBB.DE,Mbb Se,-5.272851561141732
