pool,source,status,n_capped,metric_before,contrib_before,share_before,share_after,cap_value,base_before,base_after,agg_delta
general,SKHY,ok,0,EPStoEPSmean,-0.1566830907441857,0.1442560245712224,0.1442560245712224,,1.0861459076659068,1.0861459076659068,0.0
general,STNG,ok,0,earnYield,0.27190136906459805,0.20631987901135349,0.20631987901135349,,1.3178631664941782,1.3178631664941782,0.0
general,UHS,ok,0,earnYield,0.09932204394006468,0.2443368127693614,0.2443368127693614,,0.40649643749678627,0.40649643749678627,0.0
general,SU,ok,0,earnYield,0.11393511965555317,0.16017583364722465,0.16017583364722465,,0.7113127933299026,0.7113127933299026,0.0
general,RMV.L,ok,0,incomeQuality,0.18862854286348735,0.15935868665367597,0.15935868665367597,,1.1836728001744998,1.1836728001744998,0.0
general,TSM,ok,0,interestCoverage,0.15684627370577758,0.1555321281670918,0.1555321281670918,,1.0084493509744428,1.0084493509744428,0.0
general,ENH.OL,ok,0,earnYield,-0.21376425677057084,0.2092907670858833,0.2092907670858833,,1.0213745199894644,1.0213745199894644,0.0
general,LRCX,ok,0,CycleHeat,-0.135279346957068,0.1355180614317846,0.1355180614317846,,0.9982385043573194,0.9982385043573194,0.0
general,005930.KS,ok,0,CycleHeat,-0.14610978056758367,0.1714660973683896,0.1714660973683896,,0.8521205230073635,0.8521205230073635,0.0
general,SD,ok,0,earnYield,0.23974972635110633,0.22601992297766021,0.22601992297766021,,1.0607459873119378,1.0607459873119378,0.0
general,ARX.TO,ok,0,earnYield,0.15560139181486654,0.18488055355461147,0.18488055355461147,,0.8416320095499054,0.8416320095499054,0.0
general,MU,ok,0,EPStoEPSmean,-0.1543870995148622,0.14661740080412297,0.14661740080412297,,1.052993019028617,1.052993019028617,0.0
general,HAFN,ok,1,earnYield,0.2595723916512044,0.2701140711546713,0.25000000000000006,0.23380027972756764,0.9609732308339072,0.9352011189102705,-0.02577211192363671
general,ADBE,ok,0,returnOnCapitalEmployed,0.1144475224781161,0.13417395686948977,0.13417395686948977,,0.852978664029701,0.852978664029701,0.0
general,001060.KS,ok,0,earnYield,0.11362839965424434,0.20300760224694664,0.20300760224694664,,0.5597248496931764,0.5597248496931764,0.0
general,AUTO.L,ok,0,RoA,0.15821023244027754,0.17725294552329995,0.17725294552329995,,0.8925675789093206,0.8925675789093206,0.0
general,192080.KS,ok,0,interestCoverage,0.15573694899449095,0.15981781581554677,0.15981781581554677,,0.9744655074890666,0.9744655074890666,0.0
general,NICE,ok,0,freeCashFlowPerShareGrowth,-0.09624311984689811,0.2205261830306922,0.2205261830306922,,0.4364249112020556,0.4364249112020556,0.0
general,SIS.TO,ok,0,CycleHeat,-0.0923713160807933,0.21684002283833959,0.21684002283833959,,0.4259883155871956,0.4259883155871956,0.0
general,ADI,ok,0,CycleHeat,-0.12172958048324639,0.20158852771945993,0.20158852771945993,,0.6038517263871831,0.6038517263871831,0.0
general,TOT.TO,ok,0,earnYield,0.19310441956376181,0.17637302748436343,0.17637302748436343,,1.0948636666163807,1.0948636666163807,0.0
general,HEN.DE,ok,0,freeCashFlowPerShareGrowth,-0.0831876420723843,0.15876169044438662,0.15876169044438662,,0.5239780569200004,0.5239780569200004,0.0
general,GAMA.L,ok,0,interestCoverage,0.10295844537185694,0.18744966558918916,0.18744966558918916,,0.5492591573756048,0.5492591573756048,0.0
general,PEY.TO,ok,0,earnYield,0.14065037057839486,0.2120203457460833,0.2120203457460833,,0.6633814791852027,0.6633814791852027,0.0
general,009540.KS,ok,0,freeCashFlowPerShareGrowth,-0.16864836489972693,0.1695630205745328,0.1695630205745328,,0.9946058069046735,0.9946058069046735,0.0
general,041830.KQ,ok,0,interestCoverage,0.16023533340909726,0.1715144909477473,0.1715144909477473,,0.9342378741509003,0.9342378741509003,0.0
general,035420.KS,ok,1,freeCashFlowPerShareGrowth,0.2330731774600663,0.25194130095703476,0.24999999999999997,0.23067862401583886,0.9251090495075829,0.9227144960633555,-0.002394553444227454
general,340570.KQ,ok,0,interestCoverage,0.17640360565390334,0.15192883224387968,0.15192883224387968,,1.1610936716128786,1.1610936716128786,0.0
general,PBYI,ok,0,earnYield,0.14366128390904437,0.19184812362548717,0.19184812362548717,,0.7488281938555216,0.7488281938555216,0.0
general,GAP,ok,0,freeCashFlowPerShareGrowth,-0.15987577432015063,0.2325515130877994,0.2325515130877994,,0.6874854185953623,0.6874854185953623,0.0
general,HRMY,ok,0,RoA,0.09049635330777615,0.1292577698493415,0.1292577698493415,,0.7001231215210942,0.7001231215210942,0.0
general,TEL,ok,0,interestCoverage,0.08162041079029635,0.21662016258112823,0.21662016258112823,,0.3767904603973695,0.3767904603973695,0.0
general,CLA-B.ST,ok,0,incomeQuality,-0.07834042299176458,0.17661759612088426,0.17661759612088426,,0.4435595586871492,0.4435595586871492,0.0
general,PSO,ok,0,CycleHeat,0.07420276100020491,0.2237579258566001,0.2237579258566001,,0.3316207044561152,0.3316207044561152,0.0
general,SUBC.OL,ok,0,EPStoEPSmean,-0.16957338909546665,0.2002472454767898,0.2002472454767898,,0.8468200833010785,0.8468200833010785,0.0
general,MYRG,ok,0,CycleHeat,-0.11927973893835196,0.21865885375381303,0.21865885375381303,,0.545506101813963,0.545506101813963,0.0
general,OII,ok,1,EPStoEPSmean,-0.16827371412832792,0.3406933857984852,0.25,0.10854723273737903,0.493915412340465,0.4341889309495161,0.05972648139094888
general,QTWO,ok,0,earnYield,-0.1722944039203893,0.1696452175476829,0.1696452175476829,,1.0156160392317677,1.0156160392317677,0.0
general,BOSS.DE,ok,1,freeCashFlowPerShareGrowth,-0.2329137249440614,0.3781985590185398,0.24999999999999994,0.1276455505016676,0.6158503764490643,0.5105822020066705,0.10526817444239384
general,GTT.PA,ok,0,returnOnCapitalEmployed,0.16589337771348592,0.21075022556109732,0.21075022556109732,,0.7871563471489276,0.7871563471489276,0.0
general,DLB,ok,0,earnYield,-0.07612600304622884,0.16447228064230185,0.16447228064230185,,0.4628500483421243,0.4628500483421243,0.0
general,INFY,ok,0,interestCoverage,0.14179493056732492,0.18067144292960882,0.18067144292960882,,0.784822040872112,0.784822040872112,0.0
general,ENS,infeasible,0,Piotroski,0.0208828830293102,0.8663179712664164,0.8663179712664164,,0.024105332824601124,0.024105332824601124,0.0
general,GCT,ok,0,earnYield,0.209133552879136,0.2348601839331667,0.2348601839331667,,0.8904598019843515,0.8904598019843515,0.0
general,DDI,ok,0,bVpRatio,0.1465837511001661,0.1460750558426259,0.1460750558426259,,1.0034824238444122,1.0034824238444122,0.0
general,TCL-A.TO,ok,0,earnYield,0.2655095785312714,0.21883696291751675,0.21883696291751675,,1.2132757418651725,1.2132757418651725,0.0
general,QGEN,ok,0,earnYield,-0.08036656296237024,0.17494196885355107,0.17494196885355107,,0.4593898393223606,0.4593898393223606,0.0
general,STORY-B.ST,ok,0,freeCashFlowPerShareGrowth,-0.2114269451207271,0.18553897757039353,0.18553897757039353,,1.1395284585984724,1.1395284585984724,0.0
general,META,ok,0,incomeQuality,0.19617172831890956,0.1808070994102848,0.1808070994102848,,1.0849780177810362,1.0849780177810362,0.0
general,KFY,ok,1,incomeQuality,-0.07519998681644967,0.25485261445995167,0.25,0.07329082299543382,0.29507245580275115,0.2931632919817353,0.001909163821015844
general,BWLP,ok,0,earnYield,0.2700966660572078,0.23184927637050268,0.23184927637050268,,1.1649666122985198,1.1649666122985198,0.0
general,PET.TO,ok,0,incomeQuality,0.0812495264084621,0.11236976657014519,0.11236976657014519,,0.7230550430817463,0.7230550430817463,0.0
general,JEN.DE,ok,1,freeCashFlowPerShareGrowth,-0.21477404173776896,0.4580847091262236,0.25,0.08469273257520948,0.46885223946339744,0.33877093030083794,0.13008130916255947
general,TNK,ok,0,earnYield,0.298303676366226,0.20082001805588162,0.20082001805588162,,1.4854279929564487,1.4854279929564487,0.0
general,CVE,ok,0,incomeQuality,0.11942406815043048,0.17509543906613584,0.17509543906613584,,0.6820512789332134,0.6820512789332134,0.0
general,ASSA-B.ST,ok,0,incomeQuality,-0.0651360386658513,0.15541226286982338,0.15541226286982338,,0.4191177546935961,0.4191177546935961,0.0
general,383220.KS,ok,0,earnYield,0.18134630429722268,0.17663754388437855,0.17663754388437855,,1.0266577552500749,1.0266577552500749,0.0
general,CRTO,ok,0,freeCashFlowPerShareGrowth,0.21675752775196558,0.23896267755750702,0.23896267755750702,,0.9070769124596969,0.9070769124596969,0.0
general,GOOG,ok,0,interestCoverage,0.17355779818461625,0.1683740818921845,0.1683740818921845,,1.0307869016072857,1.0307869016072857,0.0
general,INTU,ok,0,CycleHeat,0.11303614601413416,0.16740391670438537,0.16740391670438537,,0.6752299960444893,0.6752299960444893,0.0
general,ITRI,ok,0,incomeQuality,-0.1155391022395102,0.24864313528711834,0.24864313528711834,,0.46467843202705955,0.46467843202705955,0.0
general,OMCL,ok,0,earnYield,-0.1456249002569808,0.21723463079645539,0.21723463079645539,,0.6703576668373308,0.6703576668373308,0.0
general,PAYC,ok,0,interestCoverage,0.16785223115399298,0.23535996050243835,0.23535996050243835,,0.713172413845022,0.713172413845022,0.0
general,STE,ok,0,earnYield,-0.10304771796526468,0.21121157877184613,0.21121157877184613,,0.48788858340279895,0.48788858340279895,0.0
general,SHEL.L,ok,0,earnYield,0.10624897867107676,0.14937044093644722,0.14937044093644722,,0.7113119436815656,0.7113119436815656,0.0
general,NEXN,ok,0,incomeQuality,0.1398320638364713,0.14224213978563696,0.14224213978563696,,0.9830565263374291,0.9830565263374291,0.0
general,GMED,ok,0,currentRatio,0.09235449387957405,0.13070604057529203,0.13070604057529203,,0.7065816810996893,0.7065816810996893,0.0
general,QLYS,ok,0,incomeQuality,0.12443354580936693,0.16111256541545524,0.16111256541545524,,0.7723391747161035,0.7723391747161035,0.0
general,OPLN,ok,0,earnYield,-0.10845862517066468,0.1707625300322913,0.1707625300322913,,0.6351429974137481,0.6351429974137481,0.0
general,COP,ok,0,incomeQuality,0.13430643348806684,0.24323594758513659,0.24323594758513659,,0.5521652322424808,0.5521652322424808,0.0
general,0QW8.L,ok,1,freeCashFlowPerShareGrowth,0.191418670275916,0.35297174751621185,0.24999999999999997,0.11696241846826362,0.5423059256807068,0.46784967387305454,-0.07445625180765236
general,ERIC,ok,0,earnYield,-0.14231648807044117,0.20058568785024578,0.20058568785024578,,0.7095046989428901,0.7095046989428901,0.0
general,HWX.TO,ok,0,incomeQuality,0.20579700553164462,0.1832240033195232,0.1832240033195232,,1.1231989357461887,1.1231989357461887,0.0
general,ALIG.ST,ok,0,incomeQuality,-0.07192140985339411,0.14845550324744777,0.14845550324744777,,0.48446442388541483,0.48446442388541483,0.0
general,CTS,ok,0,currentRatio,0.05032300871432511,0.1261873586933485,0.1261873586933485,,0.39879595892498626,0.39879595892498626,0.0
general,PSI.TO,ok,0,CycleHeat,0.09799742413256377,0.15580720471005377,0.15580720471005377,,0.6289659346301095,0.6289659346301095,0.0
general,DTE.DE,ok,0,freeCashFlowYield,0.10382995839352284,0.12418024343558186,0.12418024343558186,,0.836123005729042,0.836123005729042,0.0
general,STX,ok,0,CycleHeat,-0.14224160478320624,0.14089665916122537,0.14089665916122537,,1.0095456175468425,1.0095456175468425,0.0
general,LNTH,ok,0,freeCashFlowPerShareGrowth,0.2025146532767702,0.2498346229834457,0.2498346229834457,,0.810594828124319,0.810594828124319,0.0
general,ZD,ok,0,CycleHeat,-0.14610978056758367,0.22460341500043068,0.22460341500043068,,0.6505234150927914,0.6505234150927914,0.0
general,000270.KS,ok,0,earnYield,0.26085010950809023,0.2425887046313608,0.2425887046313608,,1.07527722654886,1.07527722654886,0.0
general,GBF.DE,ok,0,incomeQuality,-0.0738074436412424,0.17583328288796116,0.17583328288796116,,0.41975809374082845,0.41975809374082845,0.0
general,SNA,infeasible,0,Piotroski,-0.0531029994875309,0.4682186405193814,0.4682186405193814,,0.11341496235311196,0.11341496235311196,0.0
general,MPE.L,ok,0,earnYield,0.15533217676427377,0.19725423201526215,0.19725423201526215,,0.7874719603088427,0.7874719603088427,0.0
general,STRT,ok,0,bVpRatio,0.13944745455827126,0.21407836673894431,0.21407836673894431,,0.6513850823998439,0.6513850823998439,0.0
general,MGY,ok,1,incomeQuality,0.23364631480022932,0.3157826620552432,0.25,0.1687498805800478,0.7398959565403724,0.6749995223201912,-0.06489643422018154
general,LIGHT.AS,ok,0,CycleHeat,0.1606969058690729,0.18086698632951465,0.18086698632951465,,0.8884811381569954,0.8884811381569954,0.0
general,FTDR,ok,0,CycleHeat,-0.1142081929831335,0.17825886307961583,0.17825886307961583,,0.6406873184876347,0.6406873184876347,0.0
general,FMS,ok,0,bVpRatio,0.11267351382840196,0.16870623997233672,0.16870623997233672,,0.6678680874333836,0.6678680874333836,0.0
general,WIT,ok,1,incomeQuality,0.2842181371881995,0.43006917740793976,0.25000000000000006,0.12554931875498712,0.6608660934531607,0.5021972750199484,-0.15866881843321243
general,MAU.PA,ok,1,earnYield,0.26662382798179224,0.2611352605957261,0.25,0.25146475780574973,1.0210181013990416,1.005859031222999,-0.015159070176042455
general,BETS-B.ST,ok,0,earnYield,0.14600115406754646,0.18899751897472125,0.18899751897472125,,0.772503019402463,0.772503019402463,0.0
general,EQNR,ok,0,earnYield,0.1863389344853714,0.23809770862392673,0.23809770862392673,,0.7826154042485647,0.7826154042485647,0.0
general,VTEX,ok,0,earnYield,-0.13750995037301858,0.15885947594407157,0.15885947594407157,,0.8656074782811863,0.8656074782811863,0.0
general,271560.KS,ok,0,freeCashFlowPerShareGrowth,-0.22712938777827094,0.23038627570333453,0.23038627570333453,,0.9858633596332038,0.9858633596332038,0.0
general,EVO.ST,ok,0,RoA,0.10714917075854738,0.17657818507473433,0.17657818507473433,,0.6068086537031624,0.6068086537031624,0.0
general,GETI-B.ST,ok,0,incomeQuality,-0.06523248732725202,0.15898767619604576,0.15898767619604576,,0.41029901743336783,0.41029901743336783,0.0
general,009150.KS,ok,0,freeCashFlowYield,-0.06379899733983124,0.12943794006619694,0.12943794006619694,,0.49289255767824536,0.49289255767824536,0.0
general,IPN.PA,ok,0,incomeQuality,0.07169262185389516,0.19154484708104327,0.19154484708104327,,0.3742863509325405,0.3742863509325405,0.0
general,ORK.OL,ok,1,freeCashFlowPerShareGrowth,0.221405483753999,0.30381973516494676,0.25000000000000006,0.1691113846747633,0.728739637778289,0.6764455386990531,-0.05229409907923569
