pool,source,n_flags,flags,status,note
BalanceSheetFin,ALK.L,1,returnOnAssets,EJECTED,
BalanceSheetFin,MBI,1,returnOnAssets,EJECTED,
BalanceSheetFin,OSG,1,returnOnAssets,EJECTED,
BalanceSheetFin,SDLF.L,1,returnOnAssets,EJECTED,
FinManager,006800.KS,1,uInterestCoverage,EJECTED,
FinManager,041190.KQ,1,CFOlessEarnings,EJECTED,
FinManager,PBEE.L,1,uInterestCoverage,EJECTED,
FinManager,VALUE.AS,1,CFOlessEarnings,EJECTED,
InvestmentVehicle,,,,NO_EJECTIONS,"pool 'InvestmentVehicle' is not in VETO_POOLS ['general', 'REIT', 'Mining', 'FinManager', 'BalanceSheetFin']: n = 15 and nothing in it fails the statutory asset-coverage test, so there is no ejection to make. The obvious candidate flag is also structurally undefined here -- under ASC 946 portfolio purchases are an OPERATING cash flow, so `CFO > 0` ejects 5 of 15 (3 of them in the top-25) for DEPLOYING CAPITAL. This cohort is NOT vetoed and is NOT thereby certified clean."
Mining,ABRA.TO,1,cashRunwayOneYear,EJECTED,
Mining,ALAFY.PA,1,producerEbitdaPositive,EJECTED,
Mining,ALCRB.PA,1,producerEbitdaPositive,EJECTED,
Mining,ALMIB.PA,1,cashRunwayOneYear,EJECTED,
Mining,ALOY,1,producerEbitdaPositive,EJECTED,
Mining,ASTL,1,producerEbitdaPositive,EJECTED,
Mining,AVL.TO,1,producerEbitdaPositive,EJECTED,
Mining,AVTX.AS,1,producerEbitdaPositive,EJECTED,
Mining,BHST,1,producerEbitdaPositive,EJECTED,
Mining,BKI.TO,1,equityPositive,EJECTED,
Mining,CRML,1,producerEbitdaPositive,EJECTED,
Mining,ELR.TO,1,producerEbitdaPositive,EJECTED,
Mining,ESM.TO,2,"cashRunwayOneYear, equityPositive",EJECTED,
Mining,ETG.TO,1,equityPositive,EJECTED,
Mining,FT.TO,1,equityPositive,EJECTED,
Mining,FURY.TO,1,cashRunwayOneYear,EJECTED,
Mining,GENM.TO,1,equityPositive,EJECTED,
Mining,GLO.TO,1,producerEbitdaPositive,EJECTED,
Mining,GMX.TO,1,producerEbitdaPositive,EJECTED,
Mining,GOLD.TO,1,cashRunwayOneYear,EJECTED,
Mining,IAU.TO,1,producerEbitdaPositive,EJECTED,
Mining,IE.TO,1,producerEbitdaPositive,EJECTED,
Mining,LGO,1,producerEbitdaPositive,EJECTED,
Mining,LHYFE.PA,1,producerEbitdaPositive,EJECTED,
Mining,LOOP,2,"cashRunwayOneYear, producerEbitdaPositive",EJECTED,
Mining,MAS,1,equityPositive,EJECTED,
Mining,NEXT.TO,2,"cashRunwayOneYear, producerEbitdaPositive",EJECTED,
Mining,NPK.TO,1,producerEbitdaPositive,EJECTED,
Mining,OCG.TO,1,cashRunwayOneYear,EJECTED,
Mining,PAT.L,1,cashRunwayOneYear,EJECTED,
Mining,SLR.TO,1,cashRunwayOneYear,EJECTED,
Mining,SLS.TO,1,equityPositive,EJECTED,
Mining,ZTEK,2,"cashRunwayOneYear, producerEbitdaPositive",EJECTED,
REIT,AOMR,1,reitEbitdaInterestCoverage,EJECTED,
REIT,BLEE.PA,1,reitEbitdaInterestCoverage,EJECTED,
REIT,CMTG,1,reitEbitdaInterestCoverage,EJECTED,
REIT,FTHM,1,reitEbitdaInterestCoverage,EJECTED,
general,000050.KS,1,uCurrentRatio,EJECTED,
general,000070.KS,1,netDebtToEBITDA,EJECTED,
general,000120.KS,1,netDebtToEBITDA,EJECTED,
general,000640.KS,2,"netDebtToEBITDA, uCurrentRatio",EJECTED,
general,001530.KS,3,"netDebtToEBITDA, uCurrentRatio, uInterestCoverage",EJECTED,
general,001630.KS,1,uCurrentRatio,EJECTED,
general,002020.KS,1,uCurrentRatio,EJECTED,
general,002320.KS,2,"netDebtToEBITDA, uCurrentRatio",EJECTED,
general,002600.KS,1,netDebtToEBITDA,EJECTED,
general,002880.KS,1,uCurrentRatio,EJECTED,
general,003070.KS,1,uInterestCoverage,EJECTED,
general,003380.KQ,1,uCurrentRatio,EJECTED,
general,004170.KS,2,"netDebtToEBITDA, uCurrentRatio",EJECTED,
general,004800.KS,1,uCurrentRatio,EJECTED,
general,005300.KS,1,uCurrentRatio,EJECTED,
general,005880.KS,1,netDebtToEBITDA,EJECTED,
general,006730.KQ,2,"netDebtToEBITDA, uCurrentRatio",EJECTED,
general,006880.KS,2,"netDebtToEBITDA, uCurrentRatio",EJECTED,
general,007160.KS,1,uCurrentRatio,EJECTED,
general,011280.KS,2,"uCurrentRatio, uInterestCoverage",EJECTED,
general,012800.KS,1,netDebtToEBITDA,EJECTED,
general,014910.KS,1,netDebtToEBITDA,EJECTED,
general,016450.KS,1,netDebtToEBITDA,EJECTED,
general,016880.KS,1,uCurrentRatio,EJECTED,
general,018500.KS,1,uCurrentRatio,EJECTED,
general,021240.KS,1,CFOlessEarnings,EJECTED,
general,024900.KS,1,uCurrentRatio,EJECTED,
general,025980.KQ,2,"netDebtToEBITDA, uCurrentRatio",EJECTED,
general,027740.KS,1,uCurrentRatio,EJECTED,
general,033290.KQ,2,"netDebtToEBITDA, uCurrentRatio",EJECTED,
general,035600.KQ,1,uCurrentRatio,EJECTED,
general,036630.KQ,2,"returnOnAssets, uInterestCoverage",EJECTED,
general,048410.KQ,2,"returnOnAssets, uInterestCoverage",EJECTED,
general,053030.KQ,2,"netDebtToEBITDA, uInterestCoverage",EJECTED,
general,065660.KQ,1,returnOnAssets,EJECTED,
general,067630.KQ,2,"netDebtToEBITDA, uInterestCoverage",EJECTED,
general,067990.KQ,2,"netDebtToEBITDA, uCurrentRatio",EJECTED,
general,068290.KS,1,CFOlessEarnings,EJECTED,
general,075580.KS,1,uCurrentRatio,EJECTED,
general,079980.KS,2,"netDebtToEBITDA, uCurrentRatio",EJECTED,
general,082210.KQ,3,"returnOnAssets, uCurrentRatio, uInterestCoverage",EJECTED,
general,083790.KQ,4,"netDebtToEBITDA, returnOnAssets, uCurrentRatio, uInterestCoverage",EJECTED,
general,084680.KS,3,"returnOnAssets, uCurrentRatio, uInterestCoverage",EJECTED,
general,089590.KS,1,uCurrentRatio,EJECTED,
general,090080.KS,1,uCurrentRatio,EJECTED,
general,092220.KS,2,"returnOnAssets, uInterestCoverage",EJECTED,
general,096760.KS,1,uCurrentRatio,EJECTED,
general,097230.KS,1,uCurrentRatio,EJECTED,
general,0A39.L,1,uCurrentRatio,EJECTED,
general,0MTP.L,2,"netDebtToEBITDA, returnOnAssets",EJECTED,
general,0N6K.L,1,uCurrentRatio,EJECTED,
general,0NIQ.L,1,netDebtToEBITDA,EJECTED,
general,0QN1.L,3,"netDebtToEBITDA, returnOnAssets, uInterestCoverage",EJECTED,
general,0R53.L,1,uCurrentRatio,EJECTED,
general,0RRB.L,1,returnOnAssets,EJECTED,
general,0W4N.L,1,uInterestCoverage,EJECTED,
general,112040.KQ,1,uCurrentRatio,EJECTED,
general,117580.KS,1,uCurrentRatio,EJECTED,
general,122990.KQ,1,uInterestCoverage,EJECTED,
general,179900.KQ,2,"returnOnAssets, uInterestCoverage",EJECTED,
general,200880.KS,1,uCurrentRatio,EJECTED,
general,214680.KQ,1,uInterestCoverage,EJECTED,
general,215200.KQ,1,uCurrentRatio,EJECTED,
general,217820.KQ,1,uCurrentRatio,EJECTED,
general,221840.KQ,1,netDebtToEBITDA,EJECTED,
general,226950.KQ,2,"returnOnAssets, uInterestCoverage",EJECTED,
general,249420.KS,1,uCurrentRatio,EJECTED,
general,271940.KS,1,uInterestCoverage,EJECTED,
general,277810.KQ,2,"CFOlessEarnings, uInterestCoverage",EJECTED,
general,282330.KS,1,uCurrentRatio,EJECTED,
general,284740.KS,1,CFOlessEarnings,EJECTED,
general,289220.KQ,2,"returnOnAssets, uInterestCoverage",EJECTED,
general,290670.KQ,2,"returnOnAssets, uInterestCoverage",EJECTED,
general,294870.KS,1,netDebtToEBITDA,EJECTED,
general,298020.KS,1,uCurrentRatio,EJECTED,
general,299660.KQ,3,"netDebtToEBITDA, returnOnAssets, uInterestCoverage",EJECTED,
general,338220.KQ,2,"returnOnAssets, uInterestCoverage",EJECTED,
general,348370.KQ,4,"netDebtToEBITDA, returnOnAssets, uCurrentRatio, uInterestCoverage",EJECTED,
general,402340.KS,1,CFOlessEarnings,EJECTED,
general,403550.KS,1,uCurrentRatio,EJECTED,
general,4BB.L,2,"returnOnAssets, uInterestCoverage",EJECTED,
general,AAA.PA,2,"netDebtToEBITDA, uCurrentRatio",EJECTED,
general,AAPG,2,"returnOnAssets, uInterestCoverage",EJECTED,
general,AAV.TO,1,uCurrentRatio,EJECTED,
general,AB.PA,3,"netDebtToEBITDA, returnOnAssets, uInterestCoverage",EJECTED,
general,ABBV,1,uCurrentRatio,EJECTED,
general,ABEO.PA,1,netDebtToEBITDA,EJECTED,
general,ABNX.PA,2,"returnOnAssets, uInterestCoverage",EJECTED,
general,ABVX,2,"returnOnAssets, uInterestCoverage",EJECTED,
general,AC.TO,1,uCurrentRatio,EJECTED,
general,ACHR-WT,1,returnOnAssets,EJECTED,
general,ACHV,2,"returnOnAssets, uInterestCoverage",EJECTED,
general,ACO-X.TO,1,netDebtToEBITDA,EJECTED,
general,ACQ.TO,1,netDebtToEBITDA,EJECTED,
general,AD.AS,1,uCurrentRatio,EJECTED,
general,ADP.PA,1,netDebtToEBITDA,EJECTED,
general,ADUR,2,"returnOnAssets, uInterestCoverage",EJECTED,
general,ADV,3,"netDebtToEBITDA, returnOnAssets, uInterestCoverage",EJECTED,
general,AEX.L,2,"returnOnAssets, uCurrentRatio",EJECTED,
general,AF.PA,1,uCurrentRatio,EJECTED,
general,AFN.TO,1,netDebtToEBITDA,EJECTED,
general,AGL,1,uInterestCoverage,EJECTED,
general,AHG,1,returnOnAssets,EJECTED,
general,AIDX.TO,2,"returnOnAssets, uInterestCoverage",EJECTED,
general,AIFA,1,returnOnAssets,EJECTED,
general,AIRG,1,returnOnAssets,EJECTED,
general,ALA.TO,2,"netDebtToEBITDA, uCurrentRatio",EJECTED,
general,ALAR,1,CFOlessEarnings,EJECTED,
general,ALATA.PA,3,"returnOnAssets, uCurrentRatio, uInterestCoverage",EJECTED,
general,ALBI.PA,1,netDebtToEBITDA,EJECTED,
general,ALBPK.PA,1,uInterestCoverage,EJECTED,
general,ALC.TO,1,uCurrentRatio,EJECTED,
general,ALCJ.PA,3,"netDebtToEBITDA, returnOnAssets, uInterestCoverage",EJECTED,
general,ALDAR.PA,2,"returnOnAssets, uCurrentRatio",EJECTED,
general,ALDRV.PA,2,"returnOnAssets, uInterestCoverage",EJECTED,
general,ALDVI.PA,3,"netDebtToEBITDA, returnOnAssets, uInterestCoverage",EJECTED,
general,ALECP.PA,1,uInterestCoverage,EJECTED,
general,ALESE.PA,1,uInterestCoverage,EJECTED,
general,ALGAE.PA,2,"returnOnAssets, uInterestCoverage",EJECTED,
general,ALGEN.PA,1,uInterestCoverage,EJECTED,
general,ALGTR.PA,1,uInterestCoverage,EJECTED,
general,ALHIT.PA,1,CFOlessEarnings,EJECTED,
general,ALHRS.PA,2,"returnOnAssets, uInterestCoverage",EJECTED,
general,ALIMP.PA,3,"netDebtToEBITDA, returnOnAssets, uInterestCoverage",EJECTED,
general,ALLAN.PA,1,netDebtToEBITDA,EJECTED,
general,ALLIX.PA,1,uInterestCoverage,EJECTED,
general,ALMDT.PA,2,"returnOnAssets, uInterestCoverage",EJECTED,
general,ALMER.PA,1,netDebtToEBITDA,EJECTED,
general,ALO.PA,1,uCurrentRatio,EJECTED,
general,ALSEN.PA,2,"returnOnAssets, uInterestCoverage",EJECTED,
general,ALT,2,"returnOnAssets, uInterestCoverage",EJECTED,
general,ALTHE.PA,2,"returnOnAssets, uInterestCoverage",EJECTED,
general,ALTHX.PA,3,"netDebtToEBITDA, returnOnAssets, uInterestCoverage",EJECTED,
general,ALUNT.PA,2,"CFOlessEarnings, netDebtToEBITDA",EJECTED,
general,ALXIL.PA,2,"returnOnAssets, uCurrentRatio",EJECTED,
general,AMBP,1,netDebtToEBITDA,EJECTED,
general,AMLX,1,returnOnAssets,EJECTED,
general,AMRX,1,netDebtToEBITDA,EJECTED,
general,ANRG.TO,2,"uCurrentRatio, uInterestCoverage",EJECTED,
general,AORT,1,netDebtToEBITDA,EJECTED,
general,AP,1,netDebtToEBITDA,EJECTED,
general,APPS,1,returnOnAssets,EJECTED,
general,APRE,1,returnOnAssets,EJECTED,
general,AQN,1,netDebtToEBITDA,EJECTED,
general,ARQQ,2,"returnOnAssets, uInterestCoverage",EJECTED,
general,ART.L,3,"netDebtToEBITDA, returnOnAssets, uInterestCoverage",EJECTED,
general,ATEME.PA,1,netDebtToEBITDA,EJECTED,
general,ATOM,2,"returnOnAssets, uInterestCoverage",EJECTED,
general,ATS,1,netDebtToEBITDA,EJECTED,
general,AUNA,1,netDebtToEBITDA,EJECTED,
general,AURR.L,2,"returnOnAssets, uInterestCoverage",EJECTED,
general,AVA,2,"netDebtToEBITDA, uCurrentRatio",EJECTED,
general,AVT,1,netDebtToEBITDA,EJECTED,
general,AVTR,1,netDebtToEBITDA,EJECTED,
general,AW.TO,2,"netDebtToEBITDA, uCurrentRatio",EJECTED,
general,AYV.PA,2,"netDebtToEBITDA, uCurrentRatio",EJECTED,
general,AZO,1,uCurrentRatio,EJECTED,
general,AZRN.AS,4,"netDebtToEBITDA, returnOnAssets, uCurrentRatio, uInterestCoverage",EJECTED,
general,BAMNB.AS,1,uCurrentRatio,EJECTED,
general,BBUC,1,netDebtToEBITDA,EJECTED,
general,BCE,2,"netDebtToEBITDA, uCurrentRatio",EJECTED,
general,BCTX,1,returnOnAssets,EJECTED,
general,BEAM,1,returnOnAssets,EJECTED,
general,BEP,4,"netDebtToEBITDA, returnOnAssets, uCurrentRatio, uInterestCoverage",EJECTED,
general,BEPC,2,"uCurrentRatio, uInterestCoverage",EJECTED,
general,BFIT.AS,2,"netDebtToEBITDA, uCurrentRatio",EJECTED,
general,BGO.L,1,returnOnAssets,EJECTED,
general,BHC,1,netDebtToEBITDA,EJECTED,
general,BILL,1,uInterestCoverage,EJECTED,
general,BIPC,1,uCurrentRatio,EJECTED,
general,BLC.PA,1,netDebtToEBITDA,EJECTED,
general,BLCO,3,"netDebtToEBITDA, returnOnAssets, uInterestCoverage",EJECTED,
general,BLDP,2,"returnOnAssets, uInterestCoverage",EJECTED,
general,BLNK,2,"returnOnAssets, uInterestCoverage",EJECTED,
general,BLX.TO,1,netDebtToEBITDA,EJECTED,
general,BN.PA,1,uCurrentRatio,EJECTED,
general,BNE.TO,1,uCurrentRatio,EJECTED,
general,BNJ.AS,1,uCurrentRatio,EJECTED,
general,BNTX,1,uInterestCoverage,EJECTED,
general,BORR,1,netDebtToEBITDA,EJECTED,
general,BOSC,1,CFOlessEarnings,EJECTED,
general,BRAG,2,"returnOnAssets, uInterestCoverage",EJECTED,
general,BRFH,2,"returnOnAssets, uInterestCoverage",EJECTED,
general,BUR.PA,1,uCurrentRatio,EJECTED,
general,BWEN,2,"netDebtToEBITDA, uInterestCoverage",EJECTED,
general,BYD,1,uCurrentRatio,EJECTED,
general,BYD.TO,2,"netDebtToEBITDA, uCurrentRatio",EJECTED,
general,BYL.TO,2,"returnOnAssets, uCurrentRatio",EJECTED,
general,CA.PA,1,uCurrentRatio,EJECTED,
general,CAE,1,uCurrentRatio,EJECTED,
general,CAMT,1,CFOlessEarnings,EJECTED,
general,CAR,2,"netDebtToEBITDA, uCurrentRatio",EJECTED,
general,CAS.TO,1,netDebtToEBITDA,EJECTED,
general,CCA.TO,2,"netDebtToEBITDA, uCurrentRatio",EJECTED,
general,CCEC,1,netDebtToEBITDA,EJECTED,
general,CCL,1,uCurrentRatio,EJECTED,
general,CDA.PA,1,uCurrentRatio,EJECTED,
general,CDR.TO,1,returnOnAssets,EJECTED,
general,CDXS,2,"netDebtToEBITDA, returnOnAssets",EJECTED,
general,CGC,2,"returnOnAssets, uInterestCoverage",EJECTED,
general,CGO.TO,2,"netDebtToEBITDA, uCurrentRatio",EJECTED,
general,CGX.TO,2,"netDebtToEBITDA, uCurrentRatio",EJECTED,
general,CJ.TO,1,uCurrentRatio,EJECTED,
general,CJT.TO,1,uCurrentRatio,EJECTED,
general,CKI.TO,1,uCurrentRatio,EJECTED,
general,CLAR,1,returnOnAssets,EJECTED,
general,CLARI.PA,2,"netDebtToEBITDA, uCurrentRatio",EJECTED,
general,CLLS,1,uInterestCoverage,EJECTED,
general,CMCOM.AS,3,"netDebtToEBITDA, returnOnAssets, uInterestCoverage",EJECTED,
general,CNI,1,uCurrentRatio,EJECTED,
general,CNMD,1,netDebtToEBITDA,EJECTED,
general,CNNE,2,"returnOnAssets, uInterestCoverage",EJECTED,
general,CNQ,1,uCurrentRatio,EJECTED,
general,CNSP,2,"returnOnAssets, uInterestCoverage",EJECTED,
general,CO.PA,2,"returnOnAssets, uCurrentRatio",EJECTED,
general,COCH,1,returnOnAssets,EJECTED,
general,COOK,3,"netDebtToEBITDA, returnOnAssets, uInterestCoverage",EJECTED,
general,CP,1,uCurrentRatio,EJECTED,
general,CPIX,2,"returnOnAssets, uInterestCoverage",EJECTED,
general,CPS,1,netDebtToEBITDA,EJECTED,
general,CRDL,1,returnOnAssets,EJECTED,
general,CRMT,1,netDebtToEBITDA,EJECTED,
general,CSBR,1,uCurrentRatio,EJECTED,
general,CSPI,1,uInterestCoverage,EJECTED,
general,CSU.TO,1,uCurrentRatio,EJECTED,
general,CTC.TO,1,netDebtToEBITDA,EJECTED,
general,CTEV,3,"netDebtToEBITDA, returnOnAssets, uInterestCoverage",EJECTED,
general,CU.TO,1,netDebtToEBITDA,EJECTED,
general,CUP-U.TO,1,netDebtToEBITDA,EJECTED,
general,CURA.TO,2,"netDebtToEBITDA, uInterestCoverage",EJECTED,
general,CVO.TO,1,returnOnAssets,EJECTED,
general,CVVY.TO,1,uCurrentRatio,EJECTED,
general,CVX.PA,2,"netDebtToEBITDA, returnOnAssets",EJECTED,
general,CWEB.TO,2,"netDebtToEBITDA, returnOnAssets",EJECTED,
general,CWH,1,netDebtToEBITDA,EJECTED,
general,CWR.L,2,"returnOnAssets, uInterestCoverage",EJECTED,
general,CWT,1,uCurrentRatio,EJECTED,
general,D,2,"netDebtToEBITDA, uCurrentRatio",EJECTED,
general,DBM.TO,1,netDebtToEBITDA,EJECTED,
general,DBV.PA,1,returnOnAssets,EJECTED,
general,DCM.TO,1,netDebtToEBITDA,EJECTED,
general,DEEZR.PA,1,uCurrentRatio,EJECTED,
general,DERM,2,"returnOnAssets, uInterestCoverage",EJECTED,
general,DG.PA,1,uCurrentRatio,EJECTED,
general,DII-B.TO,3,"netDebtToEBITDA, returnOnAssets, uInterestCoverage",EJECTED,
general,DIV.TO,1,netDebtToEBITDA,EJECTED,
general,DLHC,1,netDebtToEBITDA,EJECTED,
general,DLX,1,netDebtToEBITDA,EJECTED,
general,DML.TO,1,uInterestCoverage,EJECTED,
general,DND.TO,3,"netDebtToEBITDA, returnOnAssets, uCurrentRatio",EJECTED,
general,DOGZ,2,"netDebtToEBITDA, returnOnAssets",EJECTED,
general,DPT.PA,1,uInterestCoverage,EJECTED,
general,DRTS,1,returnOnAssets,EJECTED,
general,DTE,2,"netDebtToEBITDA, uCurrentRatio",EJECTED,
general,DYA.TO,4,"netDebtToEBITDA, returnOnAssets, uCurrentRatio, uInterestCoverage",EJECTED,
general,EAPI.PA,2,"returnOnAssets, uInterestCoverage",EJECTED,
general,EAT,1,uCurrentRatio,EJECTED,
general,EBUS.AS,2,"returnOnAssets, uInterestCoverage",EJECTED,
general,ED,1,netDebtToEBITDA,EJECTED,
general,EDT.TO,2,"uCurrentRatio, uInterestCoverage",EJECTED,
general,EFN.TO,1,netDebtToEBITDA,EJECTED,
general,EFR.TO,1,returnOnAssets,EJECTED,
general,EIX,2,"netDebtToEBITDA, uCurrentRatio",EJECTED,
general,EL.PA,1,uCurrentRatio,EJECTED,
general,ELC,2,"netDebtToEBITDA, uCurrentRatio",EJECTED,
general,ELIOR.PA,2,"netDebtToEBITDA, uCurrentRatio",EJECTED,
general,ELIS.PA,1,uCurrentRatio,EJECTED,
general,EMA,2,"netDebtToEBITDA, uCurrentRatio",EJECTED,
general,EMEIS.PA,3,"netDebtToEBITDA, returnOnAssets, uCurrentRatio",EJECTED,
general,EMP-A.TO,1,uCurrentRatio,EJECTED,
general,EN.PA,1,uCurrentRatio,EJECTED,
general,ENB.TO,2,"netDebtToEBITDA, uCurrentRatio",EJECTED,
general,ENTA,3,"netDebtToEBITDA, returnOnAssets, uInterestCoverage",EJECTED,
general,ENVI.AS,2,"returnOnAssets, uInterestCoverage",EJECTED,
general,EPRX.TO,1,returnOnAssets,EJECTED,
general,ESTA,3,"netDebtToEBITDA, returnOnAssets, uInterestCoverage",EJECTED,
general,EVH,2,"returnOnAssets, uInterestCoverage",EJECTED,
general,EVLV,1,returnOnAssets,EJECTED,
general,EVO,1,returnOnAssets,EJECTED,
general,EXPE,1,uCurrentRatio,EJECTED,
general,FAST.AS,2,"returnOnAssets, uInterestCoverage",EJECTED,
general,FDJU.PA,1,uCurrentRatio,EJECTED,
general,FEC.TO,1,uCurrentRatio,EJECTED,
general,FENC,1,uInterestCoverage,EJECTED,
general,FGA.PA,1,netDebtToEBITDA,EJECTED,
general,FIRY,2,"returnOnAssets, uInterestCoverage",EJECTED,
general,FLT.TO,2,"returnOnAssets, uInterestCoverage",EJECTED,
general,FNAC.PA,1,uCurrentRatio,EJECTED,
general,FND,1,netDebtToEBITDA,EJECTED,
general,FNGR,3,"netDebtToEBITDA, returnOnAssets, uInterestCoverage",EJECTED,
general,FORA.TO,1,returnOnAssets,EJECTED,
general,FOSL,1,returnOnAssets,EJECTED,
general,FOXF,1,netDebtToEBITDA,EJECTED,
general,FR.PA,1,uCurrentRatio,EJECTED,
general,FRVIA.PA,1,uCurrentRatio,EJECTED,
general,FTS.TO,2,"netDebtToEBITDA, uCurrentRatio",EJECTED,
general,GAM.PA,1,uInterestCoverage,EJECTED,
general,GASX.TO,2,"returnOnAssets, uInterestCoverage",EJECTED,
general,GDEV,1,uCurrentRatio,EJECTED,
general,GDS,1,netDebtToEBITDA,EJECTED,
general,GEI.TO,1,netDebtToEBITDA,EJECTED,
general,GEL,1,netDebtToEBITDA,EJECTED,
general,GERN,3,"netDebtToEBITDA, returnOnAssets, uInterestCoverage",EJECTED,
general,GET.PA,1,netDebtToEBITDA,EJECTED,
general,GFL,1,uCurrentRatio,EJECTED,
general,GH,3,"netDebtToEBITDA, returnOnAssets, uInterestCoverage",EJECTED,
general,GLO.PA,1,netDebtToEBITDA,EJECTED,
general,GLP,1,netDebtToEBITDA,EJECTED,
general,GLSI,1,returnOnAssets,EJECTED,
general,GNFT.PA,2,"returnOnAssets, uInterestCoverage",EJECTED,
general,GNLX,1,returnOnAssets,EJECTED,
general,GOSS,3,"netDebtToEBITDA, returnOnAssets, uInterestCoverage",EJECTED,
general,GRNQ,2,"returnOnAssets, uInterestCoverage",EJECTED,
general,GSAT,1,uInterestCoverage,EJECTED,
general,GSIT,1,returnOnAssets,EJECTED,
general,GTE.L,1,uCurrentRatio,EJECTED,
general,GURU.TO,1,uInterestCoverage,EJECTED,
general,GVC.TO,1,uCurrentRatio,EJECTED,
general,H.TO,2,"netDebtToEBITDA, uCurrentRatio",EJECTED,
general,HBIO,3,"netDebtToEBITDA, returnOnAssets, uInterestCoverage",EJECTED,
general,HBP.TO,3,"returnOnAssets, uCurrentRatio, uInterestCoverage",EJECTED,
general,HDF.PA,1,returnOnAssets,EJECTED,
general,HE,1,netDebtToEBITDA,EJECTED,
general,HEIA.AS,1,uCurrentRatio,EJECTED,
general,HEIO.AS,1,uCurrentRatio,EJECTED,
general,HEMO.L,2,"returnOnAssets, uInterestCoverage",EJECTED,
general,HLT,2,"netDebtToEBITDA, uCurrentRatio",EJECTED,
general,HNRG,1,uCurrentRatio,EJECTED,
general,HRTX,1,netDebtToEBITDA,EJECTED,
general,HSIC,1,netDebtToEBITDA,EJECTED,
general,HTZ,1,uInterestCoverage,EJECTED,
general,HZO,1,netDebtToEBITDA,EJECTED,
general,IAM.PA,1,uCurrentRatio,EJECTED,
general,ICE.TO,1,uCurrentRatio,EJECTED,
general,IDL.PA,1,uCurrentRatio,EJECTED,
general,IES.L,2,"returnOnAssets, uInterestCoverage",EJECTED,
general,ILLM.TO,1,uInterestCoverage,EJECTED,
general,IMDX,2,"returnOnAssets, uInterestCoverage",EJECTED,
general,IMM.L,1,returnOnAssets,EJECTED,
general,IMMP,2,"returnOnAssets, uInterestCoverage",EJECTED,
general,IMRX,1,returnOnAssets,EJECTED,
general,IMTX,1,returnOnAssets,EJECTED,
general,INPST.AS,1,uCurrentRatio,EJECTED,
general,INTC,1,returnOnAssets,EJECTED,
general,IVA,2,"returnOnAssets, uInterestCoverage",EJECTED,
general,JBOG.PA,1,netDebtToEBITDA,EJECTED,
general,JKS,3,"netDebtToEBITDA, returnOnAssets, uInterestCoverage",EJECTED,
general,JOY.TO,1,uCurrentRatio,EJECTED,
general,JSG.L,1,uCurrentRatio,EJECTED,
general,KDP,2,"netDebtToEBITDA, uCurrentRatio",EJECTED,
general,KEEL,2,"returnOnAssets, uInterestCoverage",EJECTED,
general,KEL.TO,1,uCurrentRatio,EJECTED,
general,KGEI,1,uCurrentRatio,EJECTED,
general,KIE.L,1,uCurrentRatio,EJECTED,
general,KLC,1,uCurrentRatio,EJECTED,
general,KNTK,1,uCurrentRatio,EJECTED,
general,KOD,1,returnOnAssets,EJECTED,
general,KPN.AS,1,uCurrentRatio,EJECTED,
general,KSI.TO,1,uInterestCoverage,EJECTED,
general,KXIN,3,"returnOnAssets, uCurrentRatio, uInterestCoverage",EJECTED,
general,LAM.TO,2,"returnOnAssets, uInterestCoverage",EJECTED,
general,LAT.PA,2,"returnOnAssets, uInterestCoverage",EJECTED,
general,LEGH,1,CFOlessEarnings,EJECTED,
general,LENZ,1,returnOnAssets,EJECTED,
general,LIND,1,uCurrentRatio,EJECTED,
general,LKFT.AS,1,uInterestCoverage,EJECTED,
general,LNA.PA,2,"netDebtToEBITDA, uCurrentRatio",EJECTED,
general,LOCAL.PA,1,uCurrentRatio,EJECTED,
general,LSPD,2,"returnOnAssets, uInterestCoverage",EJECTED,
general,LSS.PA,1,uCurrentRatio,EJECTED,
general,MAAT.PA,2,"returnOnAssets, uInterestCoverage",EJECTED,
general,MALT.PA,1,CFOlessEarnings,EJECTED,
general,MBWS.PA,1,CFOlessEarnings,EJECTED,
general,MCK,1,uCurrentRatio,EJECTED,
general,MDA,1,uCurrentRatio,EJECTED,
general,MDAI,2,"uCurrentRatio, uInterestCoverage",EJECTED,
general,MDB,1,uInterestCoverage,EJECTED,
general,MDM.PA,1,uCurrentRatio,EJECTED,
general,MEDCL.PA,2,"returnOnAssets, uInterestCoverage",EJECTED,
general,MGA.TO,2,"netDebtToEBITDA, uInterestCoverage",EJECTED,
general,MHO,1,CFOlessEarnings,EJECTED,
general,MKC,1,uCurrentRatio,EJECTED,
general,MKSI,1,netDebtToEBITDA,EJECTED,
general,MMB.PA,2,"netDebtToEBITDA, uCurrentRatio",EJECTED,
general,MOLN,2,"returnOnAssets, uInterestCoverage",EJECTED,
general,MRVI,2,"returnOnAssets, uInterestCoverage",EJECTED,
general,MSEX,2,"netDebtToEBITDA, uCurrentRatio",EJECTED,
general,MSGS,2,"netDebtToEBITDA, uCurrentRatio",EJECTED,
general,MSLE,1,returnOnAssets,EJECTED,
general,MTN,1,uCurrentRatio,EJECTED,
general,MTRK.AS,2,"returnOnAssets, uInterestCoverage",EJECTED,
general,MTRX,2,"returnOnAssets, uInterestCoverage",EJECTED,
general,MTY.TO,1,uCurrentRatio,EJECTED,
general,MUSA,1,uCurrentRatio,EJECTED,
general,MXCT,1,returnOnAssets,EJECTED,
general,MYGN,3,"netDebtToEBITDA, returnOnAssets, uInterestCoverage",EJECTED,
general,MYPS,1,returnOnAssets,EJECTED,
general,NBTX,1,returnOnAssets,EJECTED,
general,NCYT.L,1,returnOnAssets,EJECTED,
general,NEE,2,"netDebtToEBITDA, uCurrentRatio",EJECTED,
general,NEOG,2,"returnOnAssets, uInterestCoverage",EJECTED,
general,NFG,1,uCurrentRatio,EJECTED,
general,NFG.L,1,uCurrentRatio,EJECTED,
general,NGL,1,netDebtToEBITDA,EJECTED,
general,NN,2,"returnOnAssets, uInterestCoverage",EJECTED,
general,NOMD,1,netDebtToEBITDA,EJECTED,
general,NRDY,1,returnOnAssets,EJECTED,
general,NRIX,1,returnOnAssets,EJECTED,
general,NRXP,2,"returnOnAssets, uCurrentRatio",EJECTED,
general,NUVB,2,"returnOnAssets, uInterestCoverage",EJECTED,
general,NVTS,1,returnOnAssets,EJECTED,
general,NWE,2,"netDebtToEBITDA, uCurrentRatio",EJECTED,
general,NXE,1,uInterestCoverage,EJECTED,
general,NXFIL.AS,1,returnOnAssets,EJECTED,
general,OCS,2,"returnOnAssets, uInterestCoverage",EJECTED,
general,OMC,1,uCurrentRatio,EJECTED,
general,OMEX,2,"uCurrentRatio, uInterestCoverage",EJECTED,
general,ONEW,1,netDebtToEBITDA,EJECTED,
general,OPM.PA,1,uCurrentRatio,EJECTED,
general,ORA.PA,1,uCurrentRatio,EJECTED,
general,OSE.PA,3,"netDebtToEBITDA, returnOnAssets, uInterestCoverage",EJECTED,
general,OTEX,1,uCurrentRatio,EJECTED,
general,OUST,1,returnOnAssets,EJECTED,
general,OVV,1,uCurrentRatio,EJECTED,
general,OXB.L,2,"returnOnAssets, uInterestCoverage",EJECTED,
general,PBA,2,"netDebtToEBITDA, uCurrentRatio",EJECTED,
general,PBH.TO,1,netDebtToEBITDA,EJECTED,
general,PCVX,1,returnOnAssets,EJECTED,
general,PENN,3,"netDebtToEBITDA, uCurrentRatio, uInterestCoverage",EJECTED,
general,PEP,1,uCurrentRatio,EJECTED,
general,PHI,2,"netDebtToEBITDA, uCurrentRatio",EJECTED,
general,PIG.PA,1,netDebtToEBITDA,EJECTED,
general,PL,1,returnOnAssets,EJECTED,
general,PLNT,1,netDebtToEBITDA,EJECTED,
general,PLSM,1,returnOnAssets,EJECTED,
general,PM,1,uCurrentRatio,EJECTED,
general,PNC-B.TO,2,"uCurrentRatio, uInterestCoverage",EJECTED,
general,PNE.TO,3,"returnOnAssets, uCurrentRatio, uInterestCoverage",EJECTED,
general,PNN.L,1,netDebtToEBITDA,EJECTED,
general,POXEL.PA,2,"returnOnAssets, uInterestCoverage",EJECTED,
general,PPL,1,netDebtToEBITDA,EJECTED,
general,PRD.L,2,"returnOnAssets, uInterestCoverage",EJECTED,
general,PRMB,1,netDebtToEBITDA,EJECTED,
general,PROF,1,returnOnAssets,EJECTED,
general,PRQ.TO,1,uCurrentRatio,EJECTED,
general,PRTA,1,returnOnAssets,EJECTED,
general,PRX.AS,1,CFOlessEarnings,EJECTED,
general,PSK.TO,1,uCurrentRatio,EJECTED,
general,PTLO,2,"netDebtToEBITDA, uCurrentRatio",EJECTED,
general,PUB.PA,1,uCurrentRatio,EJECTED,
general,PYPD,1,returnOnAssets,EJECTED,
general,PYR.TO,4,"netDebtToEBITDA, returnOnAssets, uCurrentRatio, uInterestCoverage",EJECTED,
general,QBR-B.TO,1,uCurrentRatio,EJECTED,
general,QSI,1,returnOnAssets,EJECTED,
general,QSR,1,netDebtToEBITDA,EJECTED,
general,QTRH.TO,2,"returnOnAssets, uInterestCoverage",EJECTED,
general,QUBT,1,uInterestCoverage,EJECTED,
general,RBY.TO,1,uCurrentRatio,EJECTED,
general,RCAT,1,returnOnAssets,EJECTED,
general,RCEL,3,"netDebtToEBITDA, returnOnAssets, uInterestCoverage",EJECTED,
general,RCI,2,"netDebtToEBITDA, uCurrentRatio",EJECTED,
general,RCKT,2,"returnOnAssets, uInterestCoverage",EJECTED,
general,RDW,3,"netDebtToEBITDA, returnOnAssets, uInterestCoverage",EJECTED,
general,RDZN,4,"netDebtToEBITDA, returnOnAssets, uCurrentRatio, uInterestCoverage",EJECTED,
general,RELX,1,uCurrentRatio,EJECTED,
general,REPL,2,"returnOnAssets, uInterestCoverage",EJECTED,
general,RH,1,netDebtToEBITDA,EJECTED,
general,RKT.L,1,uCurrentRatio,EJECTED,
general,RLMD,1,returnOnAssets,EJECTED,
general,RNK.L,1,uCurrentRatio,EJECTED,
general,RNO.PA,1,netDebtToEBITDA,EJECTED,
general,ROL,1,uCurrentRatio,EJECTED,
general,RPD,1,netDebtToEBITDA,EJECTED,
general,RXL.PA,1,netDebtToEBITDA,EJECTED,
general,S30.PA,1,returnOnAssets,EJECTED,
general,SAF.PA,1,uCurrentRatio,EJECTED,
general,SANG,3,"returnOnAssets, uCurrentRatio, uInterestCoverage",EJECTED,
general,SBH,1,netDebtToEBITDA,EJECTED,
general,SBMO.AS,1,netDebtToEBITDA,EJECTED,
general,SCI,2,"netDebtToEBITDA, uCurrentRatio",EJECTED,
general,SDE.TO,1,uCurrentRatio,EJECTED,
general,SEER,1,returnOnAssets,EJECTED,
general,SESG.PA,1,returnOnAssets,EJECTED,
general,SFD.TO,2,"returnOnAssets, uInterestCoverage",EJECTED,
general,SFIX,1,returnOnAssets,EJECTED,
general,SFOR.L,1,returnOnAssets,EJECTED,
general,SGHT,2,"returnOnAssets, uInterestCoverage",EJECTED,
general,SGI,1,netDebtToEBITDA,EJECTED,
general,SGY.TO,1,uCurrentRatio,EJECTED,
general,SHI.L,1,returnOnAssets,EJECTED,
general,SHIP,1,uCurrentRatio,EJECTED,
general,SIA.TO,2,"netDebtToEBITDA, uCurrentRatio",EJECTED,
general,SIBN,2,"returnOnAssets, uInterestCoverage",EJECTED,
general,SILC,1,returnOnAssets,EJECTED,
general,SKIN,3,"netDebtToEBITDA, returnOnAssets, uInterestCoverage",EJECTED,
general,SKYX,3,"netDebtToEBITDA, returnOnAssets, uInterestCoverage",EJECTED,
general,SLIGR.AS,1,uCurrentRatio,EJECTED,
general,SMC,3,"netDebtToEBITDA, uCurrentRatio, uInterestCoverage",EJECTED,
general,SMMT,1,returnOnAssets,EJECTED,
general,SOC,3,"netDebtToEBITDA, returnOnAssets, uInterestCoverage",EJECTED,
general,SOP.PA,1,uCurrentRatio,EJECTED,
general,SOUC.L,3,"returnOnAssets, uCurrentRatio, uInterestCoverage",EJECTED,
general,SPIE.PA,1,uCurrentRatio,EJECTED,
general,SPRB,2,"returnOnAssets, uInterestCoverage",EJECTED,
general,SPRY,1,returnOnAssets,EJECTED,
general,SRE,1,netDebtToEBITDA,EJECTED,
general,STF.PA,1,uCurrentRatio,EJECTED,
general,SVA.TO,3,"returnOnAssets, uCurrentRatio, uInterestCoverage",EJECTED,
general,SVV,2,"netDebtToEBITDA, uCurrentRatio",EJECTED,
general,SWP.TO,1,netDebtToEBITDA,EJECTED,
general,SYZ.TO,1,uCurrentRatio,EJECTED,
general,T.TO,2,"netDebtToEBITDA, uCurrentRatio",EJECTED,
general,TAC,2,"netDebtToEBITDA, uCurrentRatio",EJECTED,
general,TARA,1,returnOnAssets,EJECTED,
general,TCX,3,"netDebtToEBITDA, returnOnAssets, uInterestCoverage",EJECTED,
general,TE,1,returnOnAssets,EJECTED,
general,TEAM,2,"returnOnAssets, uInterestCoverage",EJECTED,
general,TFF.PA,1,CFOlessEarnings,EJECTED,
general,TGO.TO,3,"netDebtToEBITDA, returnOnAssets, uInterestCoverage",EJECTED,
general,TISI,3,"netDebtToEBITDA, returnOnAssets, uInterestCoverage",EJECTED,
general,TITN,2,"netDebtToEBITDA, uInterestCoverage",EJECTED,
general,TLRY.TO,2,"returnOnAssets, uInterestCoverage",EJECTED,
general,TMCI,3,"netDebtToEBITDA, returnOnAssets, uInterestCoverage",EJECTED,
general,TNG.PA,1,returnOnAssets,EJECTED,
general,TNL,1,netDebtToEBITDA,EJECTED,
general,TOU.TO,1,uCurrentRatio,EJECTED,
general,TPX-B.TO,1,uCurrentRatio,EJECTED,
general,TRGP,2,"netDebtToEBITDA, uCurrentRatio",EJECTED,
general,TRI,1,uCurrentRatio,EJECTED,
general,TRN.L,1,uCurrentRatio,EJECTED,
general,TRP,2,"netDebtToEBITDA, uCurrentRatio",EJECTED,
general,TRZ.TO,1,uCurrentRatio,EJECTED,
general,TSAT,1,uInterestCoverage,EJECTED,
general,TSND.TO,2,"netDebtToEBITDA, returnOnAssets",EJECTED,
general,TSQ,1,netDebtToEBITDA,EJECTED,
general,TWM.TO,1,returnOnAssets,EJECTED,
general,TXP.L,1,uCurrentRatio,EJECTED,
general,UBI.PA,1,uInterestCoverage,EJECTED,
general,UEIC,1,returnOnAssets,EJECTED,
general,UL,1,uCurrentRatio,EJECTED,
general,UMG.AS,1,uCurrentRatio,EJECTED,
general,UNP,1,uCurrentRatio,EJECTED,
general,URE.TO,2,"returnOnAssets, uInterestCoverage",EJECTED,
general,VAC.PA,2,"netDebtToEBITDA, uCurrentRatio",EJECTED,
general,VANTI.PA,4,"netDebtToEBITDA, returnOnAssets, uCurrentRatio, uInterestCoverage",EJECTED,
general,VBIO,1,returnOnAssets,EJECTED,
general,VERU,1,returnOnAssets,EJECTED,
general,VIE.PA,1,uCurrentRatio,EJECTED,
general,VLA.PA,3,"netDebtToEBITDA, returnOnAssets, uInterestCoverage",EJECTED,
general,VLRS,2,"uCurrentRatio, uInterestCoverage",EJECTED,
general,VLTSA.PA,2,"netDebtToEBITDA, returnOnAssets",EJECTED,
general,VPK.AS,2,"netDebtToEBITDA, uCurrentRatio",EJECTED,
general,VTVT,1,returnOnAssets,EJECTED,
general,VVY.AS,2,"returnOnAssets, uInterestCoverage",EJECTED,
general,WAGA.PA,2,"returnOnAssets, uInterestCoverage",EJECTED,
general,WAVE,2,"returnOnAssets, uInterestCoverage",EJECTED,
general,WCN,1,uCurrentRatio,EJECTED,
general,WCP.TO,1,uCurrentRatio,EJECTED,
general,WEX,1,netDebtToEBITDA,EJECTED,
general,WHWK,1,returnOnAssets,EJECTED,
general,WKL.AS,1,uCurrentRatio,EJECTED,
general,WLFC,1,netDebtToEBITDA,EJECTED,
general,WPRT.TO,1,returnOnAssets,EJECTED,
general,XGN,2,"returnOnAssets, uInterestCoverage",EJECTED,
general,XMTR,3,"netDebtToEBITDA, returnOnAssets, uInterestCoverage",EJECTED,
general,XPEV,2,"returnOnAssets, uInterestCoverage",EJECTED,
general,XPOF,1,returnOnAssets,EJECTED,
general,XRX,2,"netDebtToEBITDA, returnOnAssets",EJECTED,
general,XTRA.TO,1,returnOnAssets,EJECTED,
general,YORW,1,netDebtToEBITDA,EJECTED,
general,ZOOZ,2,"returnOnAssets, uInterestCoverage",EJECTED,
general,ZPHR.L,1,uCurrentRatio,EJECTED,
general,ZS,2,"returnOnAssets, uInterestCoverage",EJECTED,
general,ZURA,1,returnOnAssets,EJECTED,
