symbol,entity_id,whyfail
SPCZ,SPCZ,emptyfail
RNWZ,RNWZ,emptyfail
MIDDV,MIDDV,emptyfail
AGGID,AGGID,emptyfail
LIXT,LIXT,emptyfail
WTO,WTO,emptyfail
SSSS,SSSS,emptyfail
ATLN,ATLN,emptyfail
SATG,SATG,emptyfail
GUJGASLTD.NS,GUJGASLTD.NS,emptyfail
CEPT,CEPT,emptyfail
BTYB,BTYB,emptyfail
GLDY,GLDY,emptyfail
ALREW.PA,ALREW.PA,emptyfail
GAUD,GAUD,emptyfail
SDM,SDM,emptyfail
SOLR,SOLR,emptyfail
GAID,GAID,emptyfail
SGMO,SGMO,emptyfail
SEFER.PA,SEFER.PA,emptyfail
ORIS,ORIS,emptyfail
LOKVW,LOKVW,emptyfail
LOKVU,LOKVU,emptyfail
LOKV,LOKV,emptyfail
REE.L,REE.L,emptyfail
TSAGX,TSAGX,emptyfail
MARB,MARB,emptyfail
KBRA.V,KBRA.V,emptyfail
RSHO,RSHO,emptyfail
MSDD,MSDD,emptyfail
ETRL,ETRL,emptyfail
BULX,BULX,emptyfail
PPIE,PPIE,emptyfail
SCLS,SCLS,emptyfail
PCRB,PCRB,emptyfail
FEAT,FEAT,emptyfail
DISO,DISO,emptyfail
ZBBB.TO,ZBBB.TO,emptyfail
TRAD.ST,TRAD.ST,emptyfail
ABNY,ABNY,emptyfail
FIVY,FIVY,emptyfail
HSPTR,HSPTR,emptyfail
SMQ,SMQ,emptyfail
MLAC,MLAC,emptyfail
VACHU,VACHU,emptyfail
BREZU,BREZU,emptyfail
CMT.CN,CMT.CN,emptyfail
MLACR,MLACR,emptyfail
APURU,APURU,emptyfail
MLACU,MLACU,emptyfail
MAHA-A.ST,MAHA-A.ST,emptyfail
PHYD,PHYD,emptyfail
PFUT,PFUT,emptyfail
PLDR,PLDR,emptyfail
PLTI,PLTI,emptyfail
HOII,HOII,emptyfail
8552.HK,8552.HK,emptyfail
LLII,LLII,emptyfail
PPEM,PPEM,emptyfail
COII,COII,emptyfail
PULT,PULT,emptyfail
CWII,CWII,emptyfail
MSII,MSII,emptyfail
OCTVV,OCTVV,emptyfail
STRV,STRV,emptyfail
BU,BU,emptyfail
WISD,WISD,emptyfail
FPIP.ST,FPIP.ST,emptyfail
AGGI,AGGI,emptyfail
MHG.AX,MHG.AX,emptyfail
GSIG,GSIG,emptyfail
GMUN,GMUN,emptyfail
MBCC,MBCC,emptyfail
WOODSVILA.BO,WOODSVILA.BO,emptyfail
SLTTF,SLTTF,emptyfail
83128.HK,83128.HK,emptyfail
GHBWF,GHBWF,emptyfail
GBE3.MI,GBE3.MI,emptyfail
CA,CA,emptyfail
BTOP,BTOP,emptyfail
LRGR,LRGR,emptyfail
BWEB,BWEB,emptyfail
ENX.AX,ENX.AX,emptyfail
IINNW,IINNW,emptyfail
XHYF,XHYF,emptyfail
XHYT,XHYT,emptyfail
XHYE,XHYE,emptyfail
XHYD,XHYD,emptyfail
XHYC,XHYC,emptyfail
APADR,APADR,emptyfail
KSM.AX,KSM.AX,emptyfail
ETHMW,ETHMW,emptyfail
NTHD,NTHD,emptyfail
SZNE,SZNE,emptyfail
LQIG,LQIG,emptyfail
ESIX,ESIX,emptyfail
NZUS,NZUS,emptyfail
MBNE,MBNE,emptyfail
GBEU.MI,GBEU.MI,emptyfail
LEVIX,LEVIX,emptyfail
LEVOX,LEVOX,emptyfail
RLUEX,RLUEX,emptyfail
HYRM,HYRM,emptyfail
EKSO,EKSO,emptyfail
DWT,DWT,emptyfail
XRPK,XRPK,emptyfail
SOLX,SOLX,emptyfail
SIXG,SIXG,emptyfail
EATZ,EATZ,emptyfail
QUVU,QUVU,emptyfail
MIGI,MIGI,emptyfail
PRIF-PJ,PRIF-PJ,emptyfail
DBSC,DBSC,emptyfail
LAYS,LAYS,emptyfail
QXAS,QXAS,emptyfail
AGN.CN,AGN.CN,emptyfail
ANABV,ANABV,emptyfail
BJK,BJK,emptyfail
BOED,BOED,emptyfail
HT5.SW,HT5.SW,emptyfail
TOKE,TOKE,emptyfail
XVOL,XVOL,emptyfail
OOQB,OOQB,emptyfail
BBCB,BBCB,emptyfail
BMAX,BMAX,emptyfail
REKT,REKT,emptyfail
LMBO,LMBO,emptyfail
ELIS,ELIS,emptyfail
CIGL,CIGL,emptyfail
OOSB,OOSB,emptyfail
MSITF,MSITF,emptyfail
VWID,VWID,emptyfail
NDVG,NDVG,emptyfail
NWLG,NWLG,emptyfail
NSCR,NSCR,emptyfail
KNDYF,KNDYF,emptyfail
MLMCA.PA,MLMCA.PA,emptyfail
GDEP.TO,GDEP.TO,emptyfail
DYNAMIC.NS,DYNAMIC.NS,emptyfail
GDFN,GDFN,emptyfail
KIARF,KIARF,emptyfail
AQIS,AQIS,emptyfail
STXM,STXM,emptyfail
STXI,STXI,emptyfail
ERNZ,ERNZ,emptyfail
LQPE,LQPE,emptyfail
WPAY,WPAY,emptyfail
PHOS,PHOS,emptyfail
PCEM,PCEM,emptyfail
VVPR,VVPR,emptyfail
KEUA,KEUA,emptyfail
KLXY,KLXY,emptyfail
LCIZ,LCIZ,emptyfail
BOPFF,BOPFF,emptyfail
NAMX,NAMX,emptyfail
ESGL,ESGL,emptyfail
TMET,TMET,emptyfail
SGMNF,SGMNF,emptyfail
PROCW,PROCW,emptyfail
BFRE,BFRE,emptyfail
BLCV,BLCV,emptyfail
JPMO,JPMO,emptyfail
FUNL,FUNL,emptyfail
JUPGD,JUPGD,emptyfail
GBLD,GBLD,emptyfail
XRLV,XRLV,emptyfail
BRIF,BRIF,emptyfail
PMMF,PMMF,emptyfail
KBWR,KBWR,emptyfail
QQJG,QQJG,emptyfail
BLKC,BLKC,emptyfail
SPMV,SPMV,emptyfail
GMMF,GMMF,emptyfail
IVRA,IVRA,emptyfail
PIN,PIN,emptyfail
PHB,PHB,emptyfail
AREA,AREA,emptyfail
IHYF,IHYF,emptyfail
HIYS,HIYS,emptyfail
SPVU,SPVU,emptyfail
SFYX,SFYX,emptyfail
GRNLD,GRNLD,emptyfail
DMCY,DMCY,emptyfail
CDIV,CDIV,emptyfail
SDUSF,SDUSF,emptyfail
CMPOV,CMPOV,emptyfail
PITEF,PITEF,emptyfail
ALYI,ALYI,emptyfail
NRPR,NRPR,emptyfail
LTSK,LTSK,emptyfail
LTSL,LTSL,emptyfail
GLOV,GLOV,emptyfail
FATBB,FATBB,emptyfail
VSPC,VSPC,emptyfail
FATBP,FATBP,emptyfail
AZNH,AZNH,emptyfail
SPC,SPC,emptyfail
INCC,INCC,emptyfail
EQCHX,EQCHX,emptyfail
2803.HK,2803.HK,emptyfail
SEEU.MI,SEEU.MI,emptyfail
AMDU,AMDU,emptyfail
HIMY,HIMY,emptyfail
PLT,PLT,emptyfail
QEV.AS,QEV.AS,emptyfail
ETHI,ETHI,emptyfail
FAVO,FAVO,emptyfail
TRIL,TRIL,emptyfail
LLYZ,LLYZ,emptyfail
BFINX,BFINX,emptyfail
HOOI,HOOI,emptyfail
0P0000VG7C.F,0P0000VG7C.F,emptyfail
MLCOT.PA,MLCOT.PA,emptyfail
MLEDS.PA,MLEDS.PA,emptyfail
XCSIX,XCSIX,emptyfail
LSIB40.CO,LSIB40.CO,emptyfail
EGB3.MI,EGB3.MI,emptyfail
MLHBB.PA,MLHBB.PA,emptyfail
WDMTF,WDMTF,emptyfail
INFR,INFR,emptyfail
82843.HK,82843.HK,emptyfail
KMGMILK.BO,KMGMILK.BO,emptyfail
VIVO.NS,VIVO.NS,emptyfail
MONIND.BO,MONIND.BO,emptyfail
MAYHX,MAYHX,emptyfail
9077.HK,9077.HK,emptyfail
MLMAZ.BR,MLMAZ.BR,emptyfail
TACENT.BO,TACENT.BO,emptyfail
HEUBACHIND.NS,HEUBACHIND.NS,emptyfail
HIMGX,HIMGX,emptyfail
GLDU.L,GLDU.L,emptyfail
SGLTL.NS,SGLTL.NS,emptyfail
AMIABLE.NS,AMIABLE.NS,emptyfail
JMG,JMG,emptyfail
GLDRF,GLDRF,emptyfail
WILD,WILD,emptyfail
MDPEF,MDPEF,emptyfail
MKLYU,MKLYU,emptyfail
GCNJF,GCNJF,emptyfail
SSF-UN.TO,SSF-UN.TO,emptyfail
RSVIX,RSVIX,emptyfail
TEEAX,TEEAX,emptyfail
RMVIX,RMVIX,emptyfail
CYZN,CYZN,emptyfail
RBRCX,RBRCX,emptyfail
2STR.MI,2STR.MI,emptyfail
KKUR,KKUR,emptyfail
RJMG,RJMG,emptyfail
PRCF,PRCF,emptyfail
SGBG,SGBG,emptyfail
CMBG.L,CMBG.L,emptyfail
WEIWEO.CO,WEIWEO.CO,emptyfail
BEEI,BEEI,emptyfail
HBMBF,HBMBF,emptyfail
MLGAI.PA,MLGAI.PA,emptyfail
GRLF,GRLF,emptyfail
BAS.L,BAS.L,emptyfail
FTHCX,FTHCX,emptyfail
FADTX,FADTX,emptyfail
KOGL,KOGL,emptyfail
VSNTV,VSNTV,emptyfail
XFIX,XFIX,emptyfail
VRAP.PA,VRAP.PA,emptyfail
FALAX,FALAX,emptyfail
FATEX,FATEX,emptyfail
AGH.AX,AGH.AX,emptyfail
MFVZX,MFVZX,emptyfail
FEOPX,FEOPX,emptyfail
RAAAX,RAAAX,emptyfail
FALIX,FALIX,emptyfail
FANIX,FANIX,emptyfail
DAXXF,DAXXF,emptyfail
RAAIX,RAAIX,emptyfail
FIDLX,FIDLX,emptyfail
MASFX,MASFX,emptyfail
BDKNX,BDKNX,emptyfail
BXEYX,BXEYX,emptyfail
TXGE,TXGE,emptyfail
FLCCX,FLCCX,emptyfail
BXEAX,BXEAX,emptyfail
XPM,XPM,emptyfail
MASNX,MASNX,emptyfail
FATIX,FATIX,emptyfail
FIKHX,FIKHX,emptyfail
IB25.MI,IB25.MI,emptyfail
VGDDF,VGDDF,emptyfail
FCYIX,FCYIX,emptyfail
3094.T,3094.T,emptyfail
LAT1V.HE,LAT1V.HE,emptyfail
UVA.AX,UVA.AX,emptyfail
LONE.V,LONE.V,emptyfail
3BUS.MI,3BUS.MI,emptyfail
FNMC-SDB.ST,FNMC-SDB.ST,emptyfail
POPFX,POPFX,emptyfail
KTR.V,KTR.V,emptyfail
ISML,ISML,emptyfail
MRKY,MRKY,emptyfail
PHXE,PHXE,emptyfail
AWEG,AWEG,emptyfail
FBM.AX,FBM.AX,emptyfail
GLA.AX,GLA.AX,emptyfail
CSHEF,CSHEF,emptyfail
ROBXF,ROBXF,emptyfail
EQN.AX,EQN.AX,emptyfail
UTISENSETF.NS,UTISENSETF.NS,emptyfail
IT25.SW,IT25.SW,emptyfail
SIC.V,SIC.V,emptyfail
USTP.DE,USTP.DE,emptyfail
UTINIFTETF.BO,UTINIFTETF.BO,emptyfail
GOLDSHARE.NS,GOLDSHARE.NS,emptyfail
UTINEXT50.BO,UTINEXT50.BO,emptyfail
UTISENSETF.BO,UTISENSETF.BO,emptyfail
UTISXN50.NS,UTISXN50.NS,emptyfail
SPCY,SPCY,emptyfail
HEAT,HEAT,emptyfail
ASLM,ASLM,emptyfail
ZIPP,ZIPP,emptyfail
MAYT,MAYT,emptyfail
HLEMX,HLEMX,emptyfail
IACVV,IACVV,emptyfail
MER.VI,MER.VI,emptyfail
RAYD,RAYD,emptyfail
WBE.AX,WBE.AX,emptyfail
LAWSIKHO.NS,LAWSIKHO.NS,emptyfail
BTFX,BTFX,emptyfail
IBDQ,IBDQ,emptyfail
KTL.NS,KTL.NS,emptyfail
DFND,DFND,emptyfail
HCD.AX,HCD.AX,emptyfail
AUH.AX,AUH.AX,emptyfail
TSIFX,TSIFX,emptyfail
IBHE,IBHE,emptyfail
TMG.AX,TMG.AX,emptyfail
UBM.MI,UBM.MI,emptyfail
RLF.SW,RLF.SW,emptyfail
DE.ST,DE.ST,emptyfail
WBIY,WBIY,emptyfail
GAST,GAST,emptyfail
CREATIVE.NS,CREATIVE.NS,emptyfail
9047.HK,9047.HK,emptyfail
GSIL,GSIL,emptyfail
PLV.TO,PLV.TO,emptyfail
GNHRF,GNHRF,emptyfail
BRRWU,BRRWU,emptyfail
TXSS,TXSS,emptyfail
ID25.SW,ID25.SW,emptyfail
NXST.NS,NXST.NS,emptyfail
PMICTAAKLNEUR.CO,PMICTAAKLNEUR.CO,emptyfail
SLSDX,SLSDX,emptyfail
VPOL.SW,VPOL.SW,emptyfail
BCIM,BCIM,emptyfail
SEPA.L,SEPA.L,emptyfail
098560.KS,098560.KS,emptyfail
JSMTX,JSMTX,emptyfail
2975.HK,2975.HK,emptyfail
QUP,QUP,emptyfail
QDWN,QDWN,emptyfail
JSMVX,JSMVX,emptyfail
HUI.AQ,HUI.AQ,emptyfail
TECHCON.BO,TECHCON.BO,emptyfail
SWPA.L,SWPA.L,emptyfail
CSCVX,CSCVX,emptyfail
SPUD.L,SPUD.L,emptyfail
GHMS,GHMS,emptyfail
DCGTX,DCGTX,emptyfail
IPRP.MI,IPRP.MI,emptyfail
LEX.BO,LEX.BO,emptyfail
DY6.AX,DY6.AX,emptyfail
ZMGD,ZMGD,emptyfail
RAYC,RAYC,emptyfail
ZGSB.TO,ZGSB.TO,emptyfail
INRADIA.BO,INRADIA.BO,emptyfail
BFHIV,BFHIV,emptyfail
WOMN.TO,WOMN.TO,emptyfail
ZMSB.TO,ZMSB.TO,emptyfail
ZCPB.TO,ZCPB.TO,emptyfail
FSBD,FSBD,emptyfail
VAGIX,VAGIX,emptyfail
JCAG.L,JCAG.L,emptyfail
GRNO,GRNO,emptyfail
72GU.L,72GU.L,emptyfail
ASWA.DE,ASWA.DE,emptyfail
VG1.AX,VG1.AX,emptyfail
DRR-UN.TO,DRR-UN.TO,emptyfail
F4DE.DE,F4DE.DE,emptyfail
USMV.L,USMV.L,emptyfail
OUFU.DE,OUFU.DE,emptyfail
OUFU.L,OUFU.L,emptyfail
OSX2.DE,OSX2.DE,emptyfail
TSSP,TSSP,emptyfail
LUMV.L,LUMV.L,emptyfail
LOUF.L,LOUF.L,emptyfail
83012.HK,83012.HK,emptyfail
RPNKS,RPNKS,emptyfail
IMNG,IMNG,emptyfail
BTTRX,BTTRX,emptyfail
LCG,LCG,emptyfail
AURDIS.NS,AURDIS.NS,emptyfail
8HC.DU,8HC.DU,emptyfail
EKGCX,EKGCX,emptyfail
WRCY.L,WRCY.L,emptyfail
FDWM,FDWM,emptyfail
FSLD,FSLD,emptyfail
SYNB,SYNB,emptyfail
FSST,FSST,emptyfail
FDHT,FDHT,emptyfail
CBRA,CBRA,emptyfail
JCHA.L,JCHA.L,emptyfail
RRSECUR.BO,RRSECUR.BO,emptyfail
KRON.L,KRON.L,emptyfail
MVKAGRO-ST.NS,MVKAGRO-ST.NS,emptyfail
HZNM,HZNM,emptyfail
HLA1.L,HLA1.L,emptyfail
ANIAX,ANIAX,emptyfail
NXSL,NXSL,emptyfail
GURPX,GURPX,emptyfail
DSCF,DSCF,emptyfail
SLSSX,SLSSX,emptyfail
FGBFX,FGBFX,emptyfail
SPLG,SPLG,emptyfail
SQEW,SQEW,emptyfail
HYXU,HYXU,emptyfail
ACTV,ACTV,emptyfail
SETY,SETY,emptyfail
PECN,PECN,emptyfail
WFH,WFH,emptyfail
EVAV,EVAV,emptyfail
OCFS,OCFS,emptyfail
XXCH,XXCH,emptyfail
AGL.L,AGL.L,emptyfail
RORO,RORO,emptyfail
SOLSV,SOLSV,emptyfail
LQDG.L,LQDG.L,emptyfail
FILL,FILL,emptyfail
IFRB.L,IFRB.L,emptyfail
EFRN.L,EFRN.L,emptyfail
FSUS.L,FSUS.L,emptyfail
IEL.NS,IEL.NS,emptyfail
IBGZ.L,IBGZ.L,emptyfail
CCMG,CCMG,emptyfail
WNGE.L,WNGE.L,emptyfail
MVEE.L,MVEE.L,emptyfail
AKRSX,AKRSX,emptyfail
DBOA11.SA,DBOA11.SA,emptyfail
AKRIX,AKRIX,emptyfail
AUEU.MI,AUEU.MI,emptyfail
FSGIX,FSGIX,emptyfail
NOEU.MI,NOEU.MI,emptyfail
MLHYE.PA,MLHYE.PA,emptyfail
CWRN,CWRN,emptyfail
MDGP,MDGP,emptyfail
CVSE,CVSE,emptyfail
IBIB,IBIB,emptyfail
EMISU,EMISU,emptyfail
FAKDX,FAKDX,emptyfail
HUS.VI,HUS.VI,emptyfail
PUTD,PUTD,emptyfail
MLFIR.PA,MLFIR.PA,emptyfail
MLITN.PA,MLITN.PA,emptyfail
SIELFNS.BO,SIELFNS.BO,emptyfail
KWES.L,KWES.L,emptyfail
JCTR,JCTR,emptyfail
TEMP,TEMP,emptyfail
SSPX,SSPX,emptyfail
AKREX,AKREX,emptyfail
SOFL,SOFL,emptyfail
MLIFC.PA,MLIFC.PA,emptyfail
MLNEU.BR,MLNEU.BR,emptyfail
XDOC,XDOC,emptyfail
HOCT,HOCT,emptyfail
OCTQ,OCTQ,emptyfail
TPHE,TPHE,emptyfail
TVC.V,TVC.V,emptyfail
TPLE,TPLE,emptyfail
EFCNX,EFCNX,emptyfail
ALV.JO,ALV.JO,emptyfail
OCTD,OCTD,emptyfail
OEUR,OEUR,emptyfail
DRAG,DRAG,emptyfail
LIVR,LIVR,emptyfail
MLDYN.PA,MLDYN.PA,emptyfail
ARKA,ARKA,emptyfail
ARKZ,ARKZ,emptyfail
LIONX,LIONX,emptyfail
RINC,RINC,emptyfail
MOTE,MOTE,emptyfail
MLORQ.PA,MLORQ.PA,emptyfail
CIGAX,CIGAX,emptyfail
SSETX,SSETX,emptyfail
CCPIX,CCPIX,emptyfail
EVUDX,EVUDX,emptyfail
HAPY,HAPY,emptyfail
NVSCX,NVSCX,emptyfail
MJID,MJID,emptyfail
EVSYX,EVSYX,emptyfail
AIRL,AIRL,emptyfail
BKWO,BKWO,emptyfail
BKIV,BKIV,emptyfail
KCOPX,KCOPX,emptyfail
FINE,FINE,emptyfail
EKWDX,EKWDX,emptyfail
LNDOS,LNDOS,emptyfail
HET.L,HET.L,emptyfail
RQN.TO,RQN.TO,emptyfail
RPSB.TO,RPSB.TO,emptyfail
LQDEN.MX,LQDEN.MX,emptyfail
RUBH.TO,RUBH.TO,emptyfail
RXD.TO,RXD.TO,emptyfail
CCAFX,CCAFX,emptyfail
RUBY.TO,RUBY.TO,emptyfail
QCON,QCON,emptyfail
QPFF,QPFF,emptyfail
FOOTL.BR,FOOTL.BR,emptyfail
YORKU,YORKU,emptyfail
ECLN,ECLN,emptyfail
EUROASIA.BO,EUROASIA.BO,emptyfail
NYMTH,NYMTH,emptyfail
ZZZ,ZZZ,emptyfail
MFMPX,MFMPX,emptyfail
XALCX,XALCX,emptyfail
RATE,RATE,emptyfail
FIBR,FIBR,emptyfail
CETH,CETH,emptyfail
CASH.L,CASH.L,emptyfail
MSRFX,MSRFX,emptyfail
INDF,INDF,emptyfail
IPDP,IPDP,emptyfail
CASE.L,CASE.L,emptyfail
PRCWF,PRCWF,emptyfail
IPPP,IPPP,emptyfail
QDCC,QDCC,emptyfail
HART,HART,emptyfail
3347.T,3347.T,emptyfail
HYGI,HYGI,emptyfail
FOVL,FOVL,emptyfail
AGIH,AGIH,emptyfail
IDAT,IDAT,emptyfail
CCRV,CCRV,emptyfail
ELQD,ELQD,emptyfail
MLFDV.PA,MLFDV.PA,emptyfail
NBCC,NBCC,emptyfail
ZSOUTGAS.BO,ZSOUTGAS.BO,emptyfail
ATMU.TO,ATMU.TO,emptyfail
ATMD.TO,ATMD.TO,emptyfail
RITD.TO,RITD.TO,emptyfail
RITU.TO,RITU.TO,emptyfail
UKEL.L,UKEL.L,emptyfail
IEMI.L,IEMI.L,emptyfail
FZADX,FZADX,emptyfail
LUX,LUX,emptyfail
MNTL,MNTL,emptyfail
INDRAIND.BO,INDRAIND.BO,emptyfail
CCCM,CCCM,emptyfail
CCCMU,CCCMU,emptyfail
HEMCX,HEMCX,emptyfail
HEMIX,HEMIX,emptyfail
HEMRX,HEMRX,emptyfail
HEMTX,HEMTX,emptyfail
DWL,DWL,emptyfail
DWCR,DWCR,emptyfail
FUSVX,FUSVX,emptyfail
OOTO,OOTO,emptyfail
CLDL,CLDL,emptyfail
RWED,RWED,emptyfail
FIVFX,FIVFX,emptyfail
TPMN,TPMN,emptyfail
MLDAM.PA,MLDAM.PA,emptyfail
GBUY,GBUY,emptyfail
GSFP,GSFP,emptyfail
KOCG,KOCG,emptyfail
SUSLX,SUSLX,emptyfail
DTCBD,DTCBD,emptyfail
FATBW,FATBW,emptyfail
LBDAV,LBDAV,emptyfail
GTER,GTER,emptyfail
2JPM.L,2JPM.L,emptyfail
MLVIN.PA,MLVIN.PA,emptyfail
LBDKV,LBDKV,emptyfail
GLBKV,GLBKV,emptyfail
GLBAV,GLBAV,emptyfail
RYH,RYH,emptyfail
RYU,RYU,emptyfail
RGI,RGI,emptyfail
DTCB,DTCB,emptyfail
UINE.DE,UINE.DE,emptyfail
JULQ,JULQ,emptyfail
FLHK,FLHK,emptyfail
JULD,JULD,emptyfail
A4Y.DE,A4Y.DE,emptyfail
XDJL,XDJL,emptyfail
DXJS,DXJS,emptyfail
RODE,RODE,emptyfail
DWAT,DWAT,emptyfail
PRIS.L,PRIS.L,emptyfail
DYNI,DYNI,emptyfail
MGGAX,MGGAX,emptyfail
MGGYX,MGGYX,emptyfail
NSCS,NSCS,emptyfail
HLGE,HLGE,emptyfail
PECD,PECD,emptyfail
COUK.L,COUK.L,emptyfail
GXG,GXG,emptyfail
WBAT,WBAT,emptyfail
SMI,SMI,emptyfail
OFOS,OFOS,emptyfail
5585.T,5585.T,emptyfail
FDCE,FDCE,emptyfail
FDGR,FDGR,emptyfail
FDTB,FDTB,emptyfail
FDVL,FDVL,emptyfail
INFIX,INFIX,emptyfail
MLARD.PA,MLARD.PA,emptyfail
NWSAX,NWSAX,emptyfail
PRIF-PF,PRIF-PF,emptyfail
AMPD,AMPD,emptyfail
HYLG,HYLG,emptyfail
XYLE,XYLE,emptyfail
EUSC,EUSC,emptyfail
HOCN.SW,HOCN.SW,emptyfail
LLAI.L,LLAI.L,emptyfail
EQLS,EQLS,emptyfail
WUSA,WUSA,emptyfail
SCY,SCY,emptyfail
SPQ,SPQ,emptyfail
NXTV,NXTV,emptyfail
GDVM,GDVM,emptyfail
KSEA,KSEA,emptyfail
KEM,KEM,emptyfail
KALL,KALL,emptyfail
PGHL,PGHL,emptyfail
FNGA,FNGA,emptyfail
FNGB,FNGB,emptyfail
LNGZ,LNGZ,emptyfail
MOEU.MU,MOEU.MU,emptyfail
EATV,EATV,emptyfail
HANK.V,HANK.V,emptyfail
PRFIX,PRFIX,emptyfail
PFPLX,PFPLX,emptyfail
SDVP.L,SDVP.L,emptyfail
HDRO,HDRO,emptyfail
PITA,PITA,emptyfail
CRUZ,CRUZ,emptyfail
QIE.TO,QIE.TO,emptyfail
RCMFX,RCMFX,emptyfail
QUS.TO,QUS.TO,emptyfail
MGLD.V,MGLD.V,emptyfail
MPAY,MPAY,emptyfail
RSCYX,RSCYX,emptyfail
LVOL,LVOL,emptyfail
REICX,REICX,emptyfail
URAX,URAX,emptyfail
HSUN,HSUN,emptyfail
RBNEV,RBNEV,emptyfail
TOROV,TOROV,emptyfail
HSRT,HSRT,emptyfail
FRGE.L,FRGE.L,emptyfail
FLXG.L,FLXG.L,emptyfail
RAHME.BO,RAHME.BO,emptyfail
EFIX,EFIX,emptyfail
CLNR,CLNR,emptyfail
OCEN,OCEN,emptyfail
TCTM,TCTM,emptyfail
STSB,STSB,emptyfail
FGB.TO,FGB.TO,emptyfail
FMBIX,FMBIX,emptyfail
APRQ,APRQ,emptyfail
APRD,APRD,emptyfail
KPOP,KPOP,emptyfail
S6P.DE,S6P.DE,emptyfail
XDAP,XDAP,emptyfail
SQY,SQY,emptyfail
ARKY,ARKY,emptyfail
ARKC,ARKC,emptyfail
UTRN,UTRN,emptyfail
PMNT.L,PMNT.L,emptyfail
PRMN,PRMN,emptyfail
PAYG.L,PAYG.L,emptyfail
RISEX,RISEX,emptyfail
KRUZ,KRUZ,emptyfail
ISDB,ISDB,emptyfail
NETZ,NETZ,emptyfail
RNSC,RNSC,emptyfail
GFOF.L,GFOF.L,emptyfail
EBLU,EBLU,emptyfail
CRIT,CRIT,emptyfail
HRAA.TO,HRAA.TO,emptyfail
IMSI,IMSI,emptyfail
NUSI,NUSI,emptyfail
SKYP.L,SKYP.L,emptyfail
BIGZ,BIGZ,emptyfail
RYE,RYE,emptyfail
RNMC,RNMC,emptyfail
QSWN,QSWN,emptyfail
SFIG,SFIG,emptyfail
340570.KS,340570.KS,emptyfail
IQL.DE,IQL.DE,emptyfail
023910.KS,023910.KS,emptyfail
MVPS,MVPS,emptyfail
BLB-UN.TO,BLB-UN.TO,emptyfail
HYMU,HYMU,emptyfail
PP,PP,emptyfail
DLMOX,DLMOX,emptyfail
RHLDV,RHLDV,emptyfail
CATH.L,CATH.L,emptyfail
WDCVV,WDCVV,emptyfail
FLDD,FLDD,emptyfail
LCWD.L,LCWD.L,emptyfail
EMCC,EMCC,emptyfail
FYLG,FYLG,emptyfail
LCWL.L,LCWL.L,emptyfail
GLLHF,GLLHF,emptyfail
USCF,USCF,emptyfail
AFRI.ST,AFRI.ST,emptyfail
CARDEO.ST,CARDEO.ST,emptyfail
CRET.ST,CRET.ST,emptyfail
066970.KQ,066970.KQ,emptyfail
GTG.ST,GTG.ST,emptyfail
EOID.ST,EOID.ST,emptyfail
NOSIUM-B.ST,NOSIUM-B.ST,emptyfail
SARS.ST,SARS.ST,emptyfail
DXSI.DE,DXSI.DE,emptyfail
AGAQX,AGAQX,emptyfail
LTSH,LTSH,emptyfail
NHYMX,NHYMX,emptyfail
LCUS.L,LCUS.L,emptyfail
LCUD.L,LCUD.L,emptyfail
RINC.AX,RINC.AX,emptyfail
KARRX,KARRX,emptyfail
FATBV,FATBV,emptyfail
MJUS,MJUS,emptyfail
FATAV,FATAV,emptyfail
HUDRF,HUDRF,emptyfail
FAIL,FAIL,emptyfail
DSUS.L,DSUS.L,emptyfail
TWIO,TWIO,emptyfail
EMMG.AX,EMMG.AX,emptyfail
IQDE,IQDE,emptyfail
EINC.AX,EINC.AX,emptyfail
BREA.TO,BREA.TO,emptyfail
HQU.TO,HQU.TO,emptyfail
HZU.TO,HZU.TO,emptyfail
HXU.TO,HXU.TO,emptyfail
HSU.TO,HSU.TO,emptyfail
HRED.TO,HRED.TO,emptyfail
HGD.TO,HGD.TO,emptyfail
HFU.TO,HFU.TO,emptyfail
HGU.TO,HGU.TO,emptyfail
HBU.TO,HBU.TO,emptyfail
HFD.TO,HFD.TO,emptyfail
HEU.TO,HEU.TO,emptyfail
HUV.TO,HUV.TO,emptyfail
HIX.TO,HIX.TO,emptyfail
HIU.TO,HIU.TO,emptyfail
HED.TO,HED.TO,emptyfail
HQD.TO,HQD.TO,emptyfail
GREI,GREI,emptyfail
GPOW,GPOW,emptyfail
SMRU.L,SMRU.L,emptyfail
BRZ.L,BRZ.L,emptyfail
WFRPX,WFRPX,emptyfail
RVNG,RVNG,emptyfail
WAGCX,WAGCX,emptyfail
GCLN,GCLN,emptyfail
NBGR,NBGR,emptyfail
FIRNX,FIRNX,emptyfail
FMRHX,FMRHX,emptyfail
FIRUX,FIRUX,emptyfail
FIRRX,FIRRX,emptyfail
FIRWX,FIRWX,emptyfail
PPZRX,PPZRX,emptyfail
XDJA,XDJA,emptyfail
FM,FM,emptyfail
GEAR,GEAR,emptyfail
SOT-UN.TO,SOT-UN.TO,emptyfail
GDMOX,GDMOX,emptyfail
WEIX,WEIX,emptyfail
FRES,FRES,emptyfail
BUFE.L,BUFE.L,emptyfail
NHYF,NHYF,emptyfail
AHOY,AHOY,emptyfail
5241.T,5241.T,emptyfail
JXJT,JXJT,emptyfail
STICX,STICX,emptyfail
PRIF-PG,PRIF-PG,emptyfail
MSVX,MSVX,emptyfail
FAIGX,FAIGX,emptyfail
CAT.L,CAT.L,emptyfail
CATC.L,CATC.L,emptyfail
G6P.DE,G6P.DE,emptyfail
IBDP,IBDP,emptyfail
IBHD,IBHD,emptyfail
FCG.AX,FCG.AX,emptyfail
IBTE,IBTE,emptyfail
3SFT.L,3SFT.L,emptyfail
3SGF.L,3SGF.L,emptyfail
3GFM.L,3GFM.L,emptyfail
3SFG.L,3SFG.L,emptyfail
3FTG.L,3FTG.L,emptyfail
BSCO,BSCO,emptyfail
ABHY,ABHY,emptyfail
BSJO,BSJO,emptyfail
FTNG.L,FTNG.L,emptyfail
GFOF,GFOF,emptyfail
RENW,RENW,emptyfail
DJCB,DJCB,emptyfail
AMND,AMND,emptyfail
AMNA,AMNA,emptyfail
WUCT,WUCT,emptyfail
CWCFX,CWCFX,emptyfail
BIK-PA.TO,BIK-PA.TO,emptyfail
IBMM,IBMM,emptyfail
FLDM.TO,FLDM.TO,emptyfail
FLGD.TO,FLGD.TO,emptyfail
SCE-PH,SCE-PH,emptyfail
MAGQ,MAGQ,emptyfail
NFAM.TO,NFAM.TO,emptyfail
PRWU.L,PRWU.L,emptyfail
PRIW.L,PRIW.L,emptyfail
CBDRX,CBDRX,emptyfail
ICMZX,ICMZX,emptyfail
CTYRX,CTYRX,emptyfail
IQIN,IQIN,emptyfail
ROOF,ROOF,emptyfail
EQUL,EQUL,emptyfail
LGCF.L,LGCF.L,emptyfail
MWFRX,MWFRX,emptyfail
MWFLX,MWFLX,emptyfail
TGHNX,TGHNX,emptyfail
LGCU.L,LGCU.L,emptyfail
TV1.L,TV1.L,emptyfail
BREAX,BREAX,emptyfail
NIO.L,NIO.L,emptyfail
GLCO.L,GLCO.L,emptyfail
MAC2.L,MAC2.L,emptyfail
MTILX,MTILX,emptyfail
MTIIX,MTIIX,emptyfail
MSGTX,MSGTX,emptyfail
GIFS.L,GIFS.L,emptyfail
MWATX,MWATX,emptyfail
PRB,PRB,emptyfail
MACSX,MACSX,emptyfail
PREOX,PREOX,emptyfail
GUMPX,GUMPX,emptyfail
SEUPX,SEUPX,emptyfail
SAOSX,SAOSX,emptyfail
SEGPX,SEGPX,emptyfail
TVVFX,TVVFX,emptyfail
TVEFX,TVEFX,emptyfail
WUKD.L,WUKD.L,emptyfail
CID,CID,emptyfail
CIZ,CIZ,emptyfail
HIIGX,HIIGX,emptyfail
RNWOX,RNWOX,emptyfail
BBSA,BBSA,emptyfail
BGRSX,BGRSX,emptyfail
RNWIX,RNWIX,emptyfail
OBEMX,OBEMX,emptyfail
MNRIX,MNRIX,emptyfail
VIRS,VIRS,emptyfail
AFTY,AFTY,emptyfail
URA.L,URA.L,emptyfail
MKC.TO,MKC.TO,emptyfail
MNREX,MNREX,emptyfail
MOHR,MOHR,emptyfail
COGVX,COGVX,emptyfail
COGLX,COGLX,emptyfail
MUS.TO,MUS.TO,emptyfail
MWD.TO,MWD.TO,emptyfail
4770.T,4770.T,emptyfail
NSCI.L,NSCI.L,emptyfail
MEU.TO,MEU.TO,emptyfail
AEMB,AEMB,emptyfail
MEE.TO,MEE.TO,emptyfail
MXU.TO,MXU.TO,emptyfail
LSST,LSST,emptyfail
IMPAX,IMPAX,emptyfail
CSERX,CSERX,emptyfail
KFVG,KFVG,emptyfail
TAB.L,TAB.L,emptyfail
LBE.L,LBE.L,emptyfail
EHEF.L,EHEF.L,emptyfail
VLON,VLON,emptyfail
USHF.L,USHF.L,emptyfail
EMHF.L,EMHF.L,emptyfail
PHEF.L,PHEF.L,emptyfail
JHEF.L,JHEF.L,emptyfail
FGHNX,FGHNX,emptyfail
RQL.TO,RQL.TO,emptyfail
MFDAX,MFDAX,emptyfail
RYFSX,RYFSX,emptyfail
FCRH.TO,FCRH.TO,emptyfail
EMFQ,EMFQ,emptyfail
PRDEX,PRDEX,emptyfail
USI.MC,USI.MC,emptyfail
JDORGOCHEM.BO,JDORGOCHEM.BO,emptyfail
RUFF,RUFF,emptyfail
ENTR,ENTR,emptyfail
GDVD,GDVD,emptyfail
CAVE.L,CAVE.L,emptyfail
KURE.L,KURE.L,emptyfail
KESG.L,KESG.L,emptyfail
SSUPX,SSUPX,emptyfail
RYSRX,RYSRX,emptyfail
BIAAX,BIAAX,emptyfail
IAUF,IAUF,emptyfail
HEWG,HEWG,emptyfail
STK.L,STK.L,emptyfail
QUAKX,QUAKX,emptyfail
GTCGX,GTCGX,emptyfail
CETU,CETU,emptyfail
BTEC,BTEC,emptyfail
0RI9.L,0RI9.L,emptyfail
WFHY,WFHY,emptyfail
TRES,TRES,emptyfail
EOMYX,EOMYX,emptyfail
G39.MU,G39.MU,emptyfail
SHREMINVIT.NS,SHREMINVIT.NS,emptyfail
PINCON.NS,PINCON.NS,emptyfail
ARTEDZ.NS,ARTEDZ.NS,emptyfail
OPAL.NS,OPAL.NS,emptyfail
INNOVATIVE.NS,INNOVATIVE.NS,emptyfail
JAKHARIA.NS,JAKHARIA.NS,emptyfail
MINDPOOL.NS,MINDPOOL.NS,emptyfail
NAKODA.NS,NAKODA.NS,emptyfail
SUG.V,SUG.V,emptyfail
SPICEISL.BO,SPICEISL.BO,emptyfail
HDAW,HDAW,emptyfail
PMB-UN.TO,PMB-UN.TO,emptyfail
FA.L,FA.L,emptyfail
SEPA,SEPA,emptyfail
HEFT.L,HEFT.L,emptyfail
MGF.AX,MGF.AX,emptyfail
CHL.L,CHL.L,emptyfail
BOIL.L,BOIL.L,emptyfail
CHNT.L,CHNT.L,emptyfail
NBMI.L,NBMI.L,emptyfail
DRV.L,DRV.L,emptyfail
TFREX,TFREX,emptyfail
HLFE.TO,HLFE.TO,emptyfail
HBFE.TO,HBFE.TO,emptyfail
TPAY.TO,TPAY.TO,emptyfail
COIN.V,COIN.V,emptyfail
FBGX,FBGX,emptyfail
ACPRF,ACPRF,emptyfail
AEIT.L,AEIT.L,emptyfail
MRNS.L,MRNS.L,emptyfail
TMOR.L,TMOR.L,emptyfail
CACG,CACG,emptyfail
FHAZX,FHAZX,emptyfail
FFFVX,FFFVX,emptyfail
0RGZ.L,0RGZ.L,emptyfail
MEVOX,MEVOX,emptyfail
JAVCX,JAVCX,emptyfail
03EA.F,03EA.F,emptyfail
HWLCX,HWLCX,emptyfail
HWCCX,HWCCX,emptyfail
DIP,DIP,emptyfail
QEM.TO,QEM.TO,emptyfail
QCD.TO,QCD.TO,emptyfail
KBND.L,KBND.L,emptyfail
KA50.L,KA50.L,emptyfail
KOIN,KOIN,emptyfail
BGFLX,BGFLX,emptyfail
VSSCX,VSSCX,emptyfail
HMEX.L,HMEX.L,emptyfail
HMED.L,HMED.L,emptyfail
USVT,USVT,emptyfail
JPEH.L,JPEH.L,emptyfail
METR.L,METR.L,emptyfail
HTRD.L,HTRD.L,emptyfail
HMLA.L,HMLA.L,emptyfail
HTRY.L,HTRY.L,emptyfail
HMLD.L,HMLD.L,emptyfail
HMBR.L,HMBR.L,emptyfail
HBRL.L,HBRL.L,emptyfail
ACC.L,ACC.L,emptyfail
TGJNX,TGJNX,emptyfail
FIF,FIF,emptyfail
IVPB.L,IVPB.L,emptyfail
APEO.L,APEO.L,emptyfail
IVPM.L,IVPM.L,emptyfail
HOG.TO,HOG.TO,emptyfail
GBLMX,GBLMX,emptyfail
TFSIX,TFSIX,emptyfail
SECO,SECO,emptyfail
VIAO,VIAO,emptyfail
FEEM,FEEM,emptyfail
CSML,CSML,emptyfail
SPXB,SPXB,emptyfail
ULTR,ULTR,emptyfail
MPCF.TO,MPCF.TO,emptyfail
SABOOBR.BO,SABOOBR.BO,emptyfail
DALT,DALT,emptyfail
RYJ,RYJ,emptyfail
ELEC.L,ELEC.L,emptyfail
SID.TO,SID.TO,emptyfail
CINC.TO,CINC.TO,emptyfail
CCOR.TO,CCOR.TO,emptyfail
XXM.TO,XXM.TO,emptyfail
YXM.TO,YXM.TO,emptyfail
FQC.TO,FQC.TO,emptyfail
TANP.L,TANP.L,emptyfail
TANN.L,TANN.L,emptyfail
SKYY.L,SKYY.L,emptyfail
YGF,YGF,emptyfail
BSCVX,BSCVX,emptyfail
FCCB.TO,FCCB.TO,emptyfail
CSQ.DE,CSQ.DE,emptyfail
NGE,NGE,emptyfail
HUF.TO,HUF.TO,emptyfail
HSL.TO,HSL.TO,emptyfail
RIB-UN.TO,RIB-UN.TO,emptyfail
HARC.TO,HARC.TO,emptyfail
PSYK,PSYK,emptyfail
HYI.TO,HYI.TO,emptyfail
EGPT,EGPT,emptyfail
ESEB,ESEB,emptyfail
CN,CN,emptyfail
DRTAX,DRTAX,emptyfail
WWOIX,WWOIX,emptyfail
JVIAX,JVIAX,emptyfail
NWWOX,NWWOX,emptyfail
UMFG,UMFG,emptyfail
CYA,CYA,emptyfail
RSGL.L,RSGL.L,emptyfail
BETS,BETS,emptyfail
PRIU.L,PRIU.L,emptyfail
CBECX,CBECX,emptyfail
RHJMX,RHJMX,emptyfail
JHBTX,JHBTX,emptyfail
JGLNX,JGLNX,emptyfail
JGBSX,JGBSX,emptyfail
JGBIX,JGBIX,emptyfail
ZERO.L,ZERO.L,emptyfail
CUK.L,CUK.L,emptyfail
UFOP.L,UFOP.L,emptyfail
FORZ.TO,FORZ.TO,emptyfail
ERSX,ERSX,emptyfail
CBMAX,CBMAX,emptyfail
THCX,THCX,emptyfail
TRPCX,TRPCX,emptyfail
TRPDX,TRPDX,emptyfail
TRPNX,TRPNX,emptyfail
BFIT,BFIT,emptyfail
CHB,CHB,emptyfail
PGAL,PGAL,emptyfail
TRPLX,TRPLX,emptyfail
CHIC,CHIC,emptyfail
CHIH,CHIH,emptyfail
CHIX,CHIX,emptyfail
BEGBX,BEGBX,emptyfail
HMJU.TO,HMJU.TO,emptyfail
NVQ,NVQ,emptyfail
HMJI.TO,HMJI.TO,emptyfail
ALBUD.PA,ALBUD.PA,emptyfail
TYWSX,TYWSX,emptyfail
MBESX,MBESX,emptyfail
TLESX,TLESX,emptyfail
MMS.L,MMS.L,emptyfail
ROSOX,ROSOX,emptyfail
0A4X.L,0A4X.L,emptyfail
HBSTOCK.BO,HBSTOCK.BO,emptyfail
WESG.L,WESG.L,emptyfail
LESW.L,LESW.L,emptyfail
BARK.L,BARK.L,emptyfail
JZZI,JZZI,emptyfail
RESE,RESE,emptyfail
DFDU.L,DFDU.L,emptyfail
0P00009ND4.TO,0P00009ND4.TO,emptyfail
RESD,RESD,emptyfail
RESP,RESP,emptyfail
WSRI.L,WSRI.L,emptyfail
GAVAX,GAVAX,emptyfail
MWRD.L,MWRD.L,emptyfail
QVFD.L,QVFD.L,emptyfail
BADAX,BADAX,emptyfail
NALA.TA,NALA.TA,emptyfail
HFT.TO,HFT.TO,emptyfail
RY8.DE,RY8.DE,emptyfail
TDSE,TDSE,emptyfail
TNT.L,TNT.L,emptyfail
TDSD,TDSD,emptyfail
CLSA,CLSA,emptyfail
CLSC,CLSC,emptyfail
XWEB,XWEB,emptyfail
0IBG.L,0IBG.L,emptyfail
DISH,DISH,emptyfail
MLEES.PA,MLEES.PA,emptyfail
BWSA.L,BWSA.L,emptyfail
JPDEX,JPDEX,emptyfail
PRRY,PRRY,emptyfail
3PLE.L,3PLE.L,emptyfail
SCIT.L,SCIT.L,emptyfail
CRME.L,CRME.L,emptyfail
CPN3.L,CPN3.L,emptyfail
SSME.L,SSME.L,emptyfail
JPEAX,JPEAX,emptyfail
OSP.TO,OSP.TO,emptyfail
GPAB.L,GPAB.L,emptyfail
GIGR.TO,GIGR.TO,emptyfail
EDI,EDI,emptyfail
AGPXX,AGPXX,emptyfail
MRND,MRND,emptyfail
TCBT.L,TCBT.L,emptyfail
PAWZ.L,PAWZ.L,emptyfail
FLWR.L,FLWR.L,emptyfail
CLRG,CLRG,emptyfail
CPI,CPI,emptyfail
LRNG.L,LRNG.L,emptyfail
GEHI,GEHI,emptyfail
PETZ.L,PETZ.L,emptyfail
TAGB.L,TAGB.L,emptyfail
FLWG.L,FLWG.L,emptyfail
GRES,GRES,emptyfail
LERN.L,LERN.L,emptyfail
MAJ.AS,MAJ.AS,emptyfail
MBEYX,MBEYX,emptyfail
TLEVX,TLEVX,emptyfail
FLBA.TO,FLBA.TO,emptyfail
FLRM.TO,FLRM.TO,emptyfail
POU.AX,POU.AX,emptyfail
EEU.AX,EEU.AX,emptyfail
IBBS.L,IBBS.L,emptyfail
GCLM.L,GCLM.L,emptyfail
HMONY.OL,HMONY.OL,emptyfail
VGSRX,VGSRX,emptyfail
RESI,RESI,emptyfail
XDNA,XDNA,emptyfail
QUIK.TA,QUIK.TA,emptyfail
RGD.L,RGD.L,emptyfail
QMED,QMED,emptyfail
IMPC.TA,IMPC.TA,emptyfail
LIFA.HE,LIFA.HE,emptyfail
MPG.AX,MPG.AX,emptyfail
RC2.L,RC2.L,emptyfail
PABU.L,PABU.L,emptyfail
PABS.L,PABS.L,emptyfail
JHAA,JHAA,emptyfail
UESG.L,UESG.L,emptyfail
LESU.L,LESU.L,emptyfail
PGG.AX,PGG.AX,emptyfail
FLVEX,FLVEX,emptyfail
FCPEX,FCPEX,emptyfail
FMEIX,FMEIX,emptyfail
FLGEX,FLGEX,emptyfail
USAU.L,USAU.L,emptyfail
D4T4.L,D4T4.L,emptyfail
FIENX,FIENX,emptyfail
TDSA,TDSA,emptyfail
0OOJ.L,0OOJ.L,emptyfail
FLEQ.L,FLEQ.L,emptyfail
SPKY,SPKY,emptyfail
ERGO.L,ERGO.L,emptyfail
FMQP.L,FMQP.L,emptyfail
BOSS,BOSS,emptyfail
USRI.L,USRI.L,emptyfail
WIZ,WIZ,emptyfail
FLFR,FLFR,emptyfail
SESG,SESG,emptyfail
0K79.L,0K79.L,emptyfail
MLPO,MLPO,emptyfail
CBR.AX,CBR.AX,emptyfail
JPT,JPT,emptyfail
0I8A.L,0I8A.L,emptyfail
TRCA-UN,TRCA-UN,emptyfail
TRCA,TRCA,emptyfail
SCSP.L,SCSP.L,emptyfail
FFT.AX,FFT.AX,emptyfail
FRBN,FRBN,emptyfail
SPCIX,SPCIX,emptyfail
MLUMH.PA,MLUMH.PA,emptyfail
FRBNU,FRBNU,emptyfail
3278.T,3278.T,emptyfail
BOAC,BOAC,emptyfail
EWGS,EWGS,emptyfail
3453.T,3453.T,emptyfail
BOAC-UN,BOAC-UN,emptyfail
XFS.TO,XFS.TO,emptyfail
GSMFX,GSMFX,emptyfail
SENT,SENT,emptyfail
DC2.AX,DC2.AX,emptyfail
CYB,CYB,emptyfail
NBW,NBW,emptyfail
PCCT,PCCT,emptyfail
GRA.L,GRA.L,emptyfail
XFC.TO,XFC.TO,emptyfail
FSNB-UN,FSNB-UN,emptyfail
XFI.TO,XFI.TO,emptyfail
UMG.AX,UMG.AX,emptyfail
XFA.TO,XFA.TO,emptyfail
XFF.TO,XFF.TO,emptyfail
IRNT,IRNT,emptyfail
NZRO,NZRO,emptyfail
GENY,GENY,emptyfail
NUM.L,NUM.L,emptyfail
BTWNU,BTWNU,emptyfail
BTWNW,BTWNW,emptyfail
MLPI.L,MLPI.L,emptyfail
BTWN,BTWN,emptyfail
MORE,MORE,emptyfail
FSNB,FSNB,emptyfail
ASPY,ASPY,emptyfail
VEDU,VEDU,emptyfail
LOOK.L,LOOK.L,emptyfail
INCMX,INCMX,emptyfail
RELAX,RELAX,emptyfail
CEN,CEN,emptyfail
AJIT.L,AJIT.L,emptyfail
FZT-UN,FZT-UN,emptyfail
AJG.L,AJG.L,emptyfail
INLZ.L,INLZ.L,emptyfail
FZT,FZT,emptyfail
3464.T,3464.T,emptyfail
FCS.L,FCS.L,emptyfail
SURFX,SURFX,emptyfail
CBDP.L,CBDP.L,emptyfail
MCLD,MCLD,emptyfail
6569.T,6569.T,emptyfail
CBDX.L,CBDX.L,emptyfail
DDH.AX,DDH.AX,emptyfail
3AIR.L,3AIR.L,emptyfail
ARGS.L,ARGS.L,emptyfail
MINC,MINC,emptyfail
ROAI.L,ROAI.L,emptyfail
DTOC,DTOC,emptyfail
GLCN,GLCN,emptyfail
VHNA,VHNA,emptyfail
UTAAU,UTAAU,emptyfail
SNLN,SNLN,emptyfail
UTAA,UTAA,emptyfail
PIAI,PIAI,emptyfail
PIAI-UN,PIAI-UN,emptyfail
0M1G.L,0M1G.L,emptyfail
RXE.TO,RXE.TO,emptyfail
RQK.TO,RQK.TO,emptyfail
RIEH.TO,RIEH.TO,emptyfail
RIE.TO,RIE.TO,emptyfail
RUEH.TO,RUEH.TO,emptyfail
RUE.TO,RUE.TO,emptyfail
RCE.TO,RCE.TO,emptyfail
BTB,BTB,emptyfail
ATAQ,ATAQ,emptyfail
IBET,IBET,emptyfail
UTME,UTME,emptyfail
TOCA.TO,TOCA.TO,emptyfail
TOCC.TO,TOCC.TO,emptyfail
TOCM.TO,TOCM.TO,emptyfail
AXI.L,AXI.L,emptyfail
3MF.AX,3MF.AX,emptyfail
ALO.AX,ALO.AX,emptyfail
0A8G.L,0A8G.L,emptyfail
NCA2.L,NCA2.L,emptyfail
HYLD,HYLD,emptyfail
HGRO.TO,HGRO.TO,emptyfail
HGGAX,HGGAX,emptyfail
HNGIX,HNGIX,emptyfail
TSN.AX,TSN.AX,emptyfail
MFOIX,MFOIX,emptyfail
APMIU,APMIU,emptyfail
APMIW,APMIW,emptyfail
AFTR,AFTR,emptyfail
AFTR-UN,AFTR-UN,emptyfail
MAVT.L,MAVT.L,emptyfail
APMI,APMI,emptyfail
REEVO.MI,REEVO.MI,emptyfail
BILT.TO,BILT.TO,emptyfail
MKEA.PA,MKEA.PA,emptyfail
GFN.AX,GFN.AX,emptyfail
LYFE,LYFE,emptyfail
EGIS,EGIS,emptyfail
VKCO.IL,VKCO.IL,emptyfail
6032.T,6032.T,emptyfail
RIN.PA,RIN.PA,emptyfail
JPFAX,JPFAX,emptyfail
JRO,JRO,emptyfail
DALS,DALS,emptyfail
JSD,JSD,emptyfail
NSL,NSL,emptyfail
JUSUX,JUSUX,emptyfail
0HA5.L,0HA5.L,emptyfail
CINE.L,CINE.L,emptyfail
NMTR,NMTR,emptyfail
VCIF,VCIF,emptyfail
PYR.AX,PYR.AX,emptyfail
0HJC.L,0HJC.L,emptyfail
MAKOX,MAKOX,emptyfail
UBG.L,UBG.L,emptyfail
BICK,BICK,emptyfail
AZSPX,AZSPX,emptyfail
ERM,ERM,emptyfail
OPA.AX,OPA.AX,emptyfail
ALCES.PA,ALCES.PA,emptyfail
MLOSA.PA,MLOSA.PA,emptyfail
MLCAS.PA,MLCAS.PA,emptyfail
MLAHC.PA,MLAHC.PA,emptyfail
CN1.L,CN1.L,emptyfail
NANOV.OL,NANOV.OL,emptyfail
CWEG.L,CWEG.L,emptyfail
QDYN,QDYN,emptyfail
FCHPX,FCHPX,emptyfail
NRGW.L,NRGW.L,emptyfail
INDW.L,INDW.L,emptyfail
MLAIR.PA,MLAIR.PA,emptyfail
DLSF.F,DLSF.F,emptyfail
WEQRX,WEQRX,emptyfail
WTIFX,WTIFX,emptyfail
PSMM,PSMM,emptyfail
PSMB,PSMB,emptyfail
PSMG,PSMG,emptyfail
PBND,PBND,emptyfail
PBDM,PBDM,emptyfail
PSMC,PSMC,emptyfail
PBEE,PBEE,emptyfail
PBSM,PBSM,emptyfail
EMBOX,EMBOX,emptyfail
TUL.AX,TUL.AX,emptyfail
RNDM,RNDM,emptyfail
C6C.AX,C6C.AX,emptyfail
090460.KQ,090460.KQ,emptyfail
MLROU.PA,MLROU.PA,emptyfail
HFOIX,HFOIX,emptyfail
MLACW,MLACW,emptyfail
SWIM.L,SWIM.L,emptyfail
PURP.L,PURP.L,emptyfail
DLT.AX,DLT.AX,emptyfail
PYPE,PYPE,emptyfail
HOM,HOM,emptyfail
ALAI.L,ALAI.L,emptyfail
FNETX,FNETX,emptyfail
PGM.V,PGM.V,emptyfail
FNTEX,FNTEX,emptyfail
FMEDX,FMEDX,emptyfail
FBOTX,FBOTX,emptyfail
FTEKX,FTEKX,emptyfail
BAL,BAL,emptyfail
JJA,JJA,emptyfail
JO,JO,emptyfail
SGG,SGG,emptyfail
JJM,JJM,emptyfail
JJC,JJC,emptyfail
OIL,OIL,emptyfail
JJUB,JJUB,emptyfail
GSP,GSP,emptyfail
JJG,JJG,emptyfail
JJS,JJS,emptyfail
COW,COW,emptyfail
JJN,JJN,emptyfail
JJU,JJU,emptyfail
SAVN,SAVN,emptyfail
RHS,RHS,emptyfail
FIHD,FIHD,emptyfail
FDLB,FDLB,emptyfail
DEX.AX,DEX.AX,emptyfail
BCM,BCM,emptyfail
PSA.MI,PSA.MI,emptyfail
JJT,JJT,emptyfail
EAI.AX,EAI.AX,emptyfail
HFOQX,HFOQX,emptyfail
HFOSX,HFOSX,emptyfail
HFOCX,HFOCX,emptyfail
HFORX,HFORX,emptyfail
JJP,JJP,emptyfail
NXR.DE,NXR.DE,emptyfail
GRCYU,GRCYU,emptyfail
HUDC.L,HUDC.L,emptyfail
LD,LD,emptyfail
GRCY,GRCY,emptyfail
MLGML.PA,MLGML.PA,emptyfail
SPCMU,SPCMU,emptyfail
MED.V,MED.V,emptyfail
WEB.MI,WEB.MI,emptyfail
TNIS.L,TNIS.L,emptyfail
ALF.MI,ALF.MI,emptyfail
OLEM,OLEM,emptyfail
VPGDX,VPGDX,emptyfail
TCUS.L,TCUS.L,emptyfail
FGLD,FGLD,emptyfail
HWF.TO,HWF.TO,emptyfail
MTCN,MTCN,emptyfail
NNN.L,NNN.L,emptyfail
SBCEX,SBCEX,emptyfail
DBECX,DBECX,emptyfail
SBYEX,SBYEX,emptyfail
GLOW.L,GLOW.L,emptyfail
EMIL.L,EMIL.L,emptyfail
CLEM.L,CLEM.L,emptyfail
EFIS.L,EFIS.L,emptyfail
EFIW.L,EFIW.L,emptyfail
GBND.L,GBND.L,emptyfail
PGRWW,PGRWW,emptyfail
PGRWU,PGRWU,emptyfail
PGRW,PGRW,emptyfail
GBNG.L,GBNG.L,emptyfail
CECL.L,CECL.L,emptyfail
HHI.AX,HHI.AX,emptyfail
CE9U.L,CE9U.L,emptyfail
CE9G.L,CE9G.L,emptyfail
BSMX,BSMX,emptyfail
AE1.AX,AE1.AX,emptyfail
3PLU.L,3PLU.L,emptyfail
HPA1.L,HPA1.L,emptyfail
CHEKZ,CHEKZ,emptyfail
3ZM.L,3ZM.L,emptyfail
IBUY.L,IBUY.L,emptyfail
LEDOX,LEDOX,emptyfail
HZON,HZON,emptyfail
NCA.L,NCA.L,emptyfail
SPTE.L,SPTE.L,emptyfail
3ROK.L,3ROK.L,emptyfail
SVDE.L,SVDE.L,emptyfail
TLEI.L,TLEI.L,emptyfail
TLEP.L,TLEP.L,emptyfail
GEEC.L,GEEC.L,emptyfail
DTLA-P,DTLA-P,emptyfail
SUPP.L,SUPP.L,emptyfail
MSGR,MSGR,emptyfail
USB.TO,USB.TO,emptyfail
0R11.L,0R11.L,emptyfail
AEXK.L,AEXK.L,emptyfail
HZON-UN,HZON-UN,emptyfail
1BID.L,1BID.L,emptyfail
EXR.IR,EXR.IR,emptyfail
NFC.L,NFC.L,emptyfail
PANA,PANA,emptyfail
BSO-UN.TO,BSO-UN.TO,emptyfail
PXG.TO,PXG.TO,emptyfail
PSY.TO,PSY.TO,emptyfail
PPS.TO,PPS.TO,emptyfail
ELV.TO,ELV.TO,emptyfail
ILV.TO,ILV.TO,emptyfail
PZC.TO,PZC.TO,emptyfail
NUO,NUO,emptyfail
NKG,NKG,emptyfail
DVO.L,DVO.L,emptyfail
AKL.AX,AKL.AX,emptyfail
EXD,EXD,emptyfail
TCVA,TCVA,emptyfail
RDMX,RDMX,emptyfail
RWE.TO,RWE.TO,emptyfail
RWX.TO,RWX.TO,emptyfail
RWW.TO,RWW.TO,emptyfail
BSCE,BSCE,emptyfail
IDLB,IDLB,emptyfail
AQGX,AQGX,emptyfail
BSDE,BSDE,emptyfail
IDHD,IDHD,emptyfail
AHHX,AHHX,emptyfail
IBDD,IBDD,emptyfail
EWSC,EWSC,emptyfail
MTR.L,MTR.L,emptyfail
ADRE,ADRE,emptyfail
AMXVF,AMXVF,emptyfail
FCONX,FCONX,emptyfail
EMGC,EMGC,emptyfail
PUD.TO,PUD.TO,emptyfail
SESG.L,SESG.L,emptyfail
SCRF.L,SCRF.L,emptyfail
AOU.AX,AOU.AX,emptyfail
SESP.L,SESP.L,emptyfail
LVRAW,LVRAW,emptyfail
LVRAU,LVRAU,emptyfail
LBY.AX,LBY.AX,emptyfail
LDHA,LDHA,emptyfail
LDHAW,LDHAW,emptyfail
QTT,QTT,emptyfail
RAMMW,RAMMW,emptyfail
RAMMU,RAMMU,emptyfail
LVRA,LVRA,emptyfail
CLOAX,CLOAX,emptyfail
LDHAU,LDHAU,emptyfail
KSICU,KSICU,emptyfail
KSICW,KSICW,emptyfail
GFLU,GFLU,emptyfail
MESG.L,MESG.L,emptyfail
LESG.L,LESG.L,emptyfail
BELR.BR,BELR.BR,emptyfail
TBSA,TBSA,emptyfail
TBSAW,TBSAW,emptyfail
XSER.L,XSER.L,emptyfail
AGGR,AGGR,emptyfail
DEX,DEX,emptyfail
DDF,DDF,emptyfail
MGU,MGU,emptyfail
AGGRU,AGGRU,emptyfail
AGGRW,AGGRW,emptyfail
TBSAU,TBSAU,emptyfail
GET,GET,emptyfail
RSX,RSX,emptyfail
DBS,DBS,emptyfail
DBV,DBV,emptyfail
DGL,DGL,emptyfail
CYRN,CYRN,emptyfail
IRL,IRL,emptyfail
3478.T,3478.T,emptyfail
HYFIX,HYFIX,emptyfail
PUR.L,PUR.L,emptyfail
FNTC,FNTC,emptyfail
RIMIX,RIMIX,emptyfail
GRU,GRU,emptyfail
CRBU.L,CRBU.L,emptyfail
MCRDX,MCRDX,emptyfail
CRAL.L,CRAL.L,emptyfail
MAINX,MAINX,emptyfail
CRBL.L,CRBL.L,emptyfail
SSHO.L,SSHO.L,emptyfail
SO.PA,SO.PA,emptyfail
HYRE,HYRE,emptyfail
AHPI,AHPI,emptyfail
KLCD,KLCD,emptyfail
QED,QED,emptyfail
HYLV,HYLV,emptyfail
QMN,QMN,emptyfail
EXN,EXN,emptyfail
MFGP,MFGP,emptyfail
MEDRX,MEDRX,emptyfail
KWINX,KWINX,emptyfail
CSD.TO,CSD.TO,emptyfail
MEACU,MEACU,emptyfail
MEAC,MEAC,emptyfail
CRNL.L,CRNL.L,emptyfail
CRNO.L,CRNO.L,emptyfail
BTCR,BTCR,emptyfail
VLNS,VLNS,emptyfail
FNI,FNI,emptyfail
SWIR,SWIR,emptyfail
SOFT.L,SOFT.L,emptyfail
SOFP.L,SOFP.L,emptyfail
PQIN,PQIN,emptyfail
OG,OG,emptyfail
DGEP.L,DGEP.L,emptyfail
DGEN.L,DGEN.L,emptyfail
SPKAR,SPKAR,emptyfail
SPK,SPK,emptyfail
LFG,LFG,emptyfail
CEY,CEY,emptyfail
ATA,ATA,emptyfail
BAMR,BAMR,emptyfail
QNGY,QNGY,emptyfail
HMYD.L,HMYD.L,emptyfail
HMYR.L,HMYR.L,emptyfail
GLDNX,GLDNX,emptyfail
HIEEX,HIEEX,emptyfail
FTB.TO,FTB.TO,emptyfail
IDIV,IDIV,emptyfail
GOWLX,GOWLX,emptyfail
EEHIX,EEHIX,emptyfail
EUR.TO,EUR.TO,emptyfail
FDE.TO,FDE.TO,emptyfail
EEHAX,EEHAX,emptyfail
GETVV,GETVV,emptyfail
FEO,FEO,emptyfail
IBMK,IBMK,emptyfail
RCOR,RCOR,emptyfail
CGMRX,CGMRX,emptyfail
EQOS,EQOS,emptyfail
KUKAF,KUKAF,emptyfail
1VG.AX,1VG.AX,emptyfail
JPUS.L,JPUS.L,emptyfail
JPSU.L,JPSU.L,emptyfail
RQJ.TO,RQJ.TO,emptyfail
VFLQ,VFLQ,emptyfail
JPXG.L,JPXG.L,emptyfail
EESG.L,EESG.L,emptyfail
FHS,FHS,emptyfail
HAACW,HAACW,emptyfail
HAAC,HAAC,emptyfail
HAACU,HAACU,emptyfail
PYS,PYS,emptyfail
USEF.L,USEF.L,emptyfail
AMCCX,AMCCX,emptyfail
ABMAX,ABMAX,emptyfail
GEDTX,GEDTX,emptyfail
EFL,EFL,emptyfail
BHHEX,BHHEX,emptyfail
JHMC,JHMC,emptyfail
JHMI,JHMI,emptyfail
JHMS,JHMS,emptyfail
JHMT,JHMT,emptyfail
JHMH,JHMH,emptyfail
JHMF,JHMF,emptyfail
JHME,JHME,emptyfail
WMWXF,WMWXF,emptyfail
LIV,LIV,emptyfail
HOTFX,HOTFX,emptyfail
FUNDX,FUNDX,emptyfail
BRLIX,BRLIX,emptyfail
8CC1.DU,8CC1.DU,emptyfail
LLL,LLL,emptyfail
WBII,WBII,emptyfail
BETP.L,BETP.L,emptyfail
CLDS,CLDS,emptyfail
CIPDX,CIPDX,emptyfail
MOHO,MOHO,emptyfail
PBUY.L,PBUY.L,emptyfail
YODA.L,YODA.L,emptyfail
DTOX.L,DTOX.L,emptyfail
DTOP.L,DTOP.L,emptyfail
CTT,CTT,emptyfail
BRCN,BRCN,emptyfail
SNP,SNP,emptyfail
SMM,SMM,emptyfail
D467.L,D467.L,emptyfail
DO1D.L,DO1D.L,emptyfail
SHI,SHI,emptyfail
GRIW.L,GRIW.L,emptyfail
SLHG,SLHG,emptyfail
AGT,AGT,emptyfail
WGLD,WGLD,emptyfail
FCHY.TO,FCHY.TO,emptyfail
FCHH.TO,FCHH.TO,emptyfail
EMWP,EMWP,emptyfail
NSR,NSR,emptyfail
DYFN,DYFN,emptyfail
VSL,VSL,emptyfail
CMCE.TO,CMCE.TO,emptyfail
CMUE.TO,CMUE.TO,emptyfail
CTRU,CTRU,emptyfail
GSLD,GSLD,emptyfail
RUSG.L,RUSG.L,emptyfail
VTXVX,VTXVX,emptyfail
HMFD.L,HMFD.L,emptyfail
HMFE.L,HMFE.L,emptyfail
HEP.TO,HEP.TO,emptyfail
HEJ.TO,HEJ.TO,emptyfail
HEE.TO,HEE.TO,emptyfail
VGMF.AX,VGMF.AX,emptyfail
CNP.PA,CNP.PA,emptyfail
HBRN.L,HBRN.L,emptyfail
UKMV.L,UKMV.L,emptyfail
MLV4S.PA,MLV4S.PA,emptyfail
LMMV.L,LMMV.L,emptyfail
OTSCS,OTSCS,emptyfail
OCA,OCA,emptyfail
OCA-UN,OCA-UN,emptyfail
0FSN.L,0FSN.L,emptyfail
JCO,JCO,emptyfail
IO,IO,emptyfail
HEMB.TO,HEMB.TO,emptyfail
WCDGX,WCDGX,emptyfail
MIND.TO,MIND.TO,emptyfail
MLABO.PA,MLABO.PA,emptyfail
CELP,CELP,emptyfail
MCLS.L,MCLS.L,emptyfail
3TWT.L,3TWT.L,emptyfail
TWT3.L,TWT3.L,emptyfail
RALS,RALS,emptyfail
GWGH,GWGH,emptyfail
LGBT,LGBT,emptyfail
MLCEC.PA,MLCEC.PA,emptyfail
CHNAX,CHNAX,emptyfail
HZAR.L,HZAR.L,emptyfail
OPN.PA,OPN.PA,emptyfail
WBLNX,WBLNX,emptyfail
WBRRX,WBRRX,emptyfail
WBBNX,WBBNX,emptyfail
BUD.AX,BUD.AX,emptyfail
FDV.TO,FDV.TO,emptyfail
CSY.TO,CSY.TO,emptyfail
MCA,MCA,emptyfail
MYC,MYC,emptyfail
FAO.TO,FAO.TO,emptyfail
MYJ,MYJ,emptyfail
FAI.TO,FAI.TO,emptyfail
RWU.TO,RWU.TO,emptyfail
LAIX,LAIX,emptyfail
RBDI.TO,RBDI.TO,emptyfail
SLPE.L,SLPE.L,emptyfail
PROL.PA,PROL.PA,emptyfail
SARG.L,SARG.L,emptyfail
TPLT.L,TPLT.L,emptyfail
TPAL.L,TPAL.L,emptyfail
3NIL.L,3NIL.L,emptyfail
HBL-UN.TO,HBL-UN.TO,emptyfail
HUL.TO,HUL.TO,emptyfail
MLVIS.PA,MLVIS.PA,emptyfail
FMO,FMO,emptyfail
CRU1.L,CRU1.L,emptyfail
RUSL.L,RUSL.L,emptyfail
IEER.L,IEER.L,emptyfail
CSRU.L,CSRU.L,emptyfail
IDEE.L,IDEE.L,emptyfail
ERUS,ERUS,emptyfail
VVL.SI,VVL.SI,emptyfail
MAIL.L,MAIL.L,emptyfail
RUSE.L,RUSE.L,emptyfail
FXRU.L,FXRU.L,emptyfail
SAB,SAB,emptyfail
UBN,UBN,emptyfail
LDG,LDG,emptyfail
RDXS.L,RDXS.L,emptyfail
ETI,ETI,emptyfail
XMRD.L,XMRD.L,emptyfail
XMRC.L,XMRC.L,emptyfail
HRUB.L,HRUB.L,emptyfail
AGA,AGA,emptyfail
SLT,SLT,emptyfail
0MK2.L,0MK2.L,emptyfail
SEV.PA,SEV.PA,emptyfail
RCO-UN.TO,RCO-UN.TO,emptyfail
VMM,VMM,emptyfail
YEW.L,YEW.L,emptyfail
DEVC.L,DEVC.L,emptyfail
JETI.L,JETI.L,emptyfail
VENC.L,VENC.L,emptyfail
VEN2.L,VEN2.L,emptyfail
VEN.L,VEN.L,emptyfail
CFFVW,CFFVW,emptyfail
CFV,CFV,emptyfail
CLSHX,CLSHX,emptyfail
0UR5.L,0UR5.L,emptyfail
DYHG,DYHG,emptyfail
LBJ,LBJ,emptyfail
KOR,KOR,emptyfail
BEEAX,BEEAX,emptyfail
MLNAT.PA,MLNAT.PA,emptyfail
BGIO,BGIO,emptyfail
0SYQ.L,0SYQ.L,emptyfail
DTY,DTY,emptyfail
PKO,PKO,emptyfail
BPIAX,BPIAX,emptyfail
FIV,FIV,emptyfail
FOIIX,FOIIX,emptyfail
FOOLX,FOOLX,emptyfail
NXR,NXR,emptyfail
NXQ,NXQ,emptyfail
HHF.TO,HHF.TO,emptyfail
MLNEI.PA,MLNEI.PA,emptyfail
TES.PA,TES.PA,emptyfail
JTA,JTA,emptyfail
JDD,JDD,emptyfail
BANO.OL,BANO.OL,emptyfail
0QY8.L,0QY8.L,emptyfail
RQI.TO,RQI.TO,emptyfail
GXF,GXF,emptyfail
VTA,VTA,emptyfail
JHB,JHB,emptyfail
GPM,GPM,emptyfail
HZAC,HZAC,emptyfail
SSPGX,SSPGX,emptyfail
BELP,BELP,emptyfail
MLTBM.PA,MLTBM.PA,emptyfail
OMOAX,OMOAX,emptyfail
GCPL,GCPL,emptyfail
CEWUF,CEWUF,emptyfail
HIPR,HIPR,emptyfail
ESNG,ESNG,emptyfail
ADV.PA,ADV.PA,emptyfail
MICGX,MICGX,emptyfail
HVBT,HVBT,emptyfail
DROCX,DROCX,emptyfail
MCYBX,MCYBX,emptyfail
MLSIM.PA,MLSIM.PA,emptyfail
SAF,SAF,emptyfail
MLMAI.PA,MLMAI.PA,emptyfail
IGLB.TO,IGLB.TO,emptyfail
AJAX,AJAX,emptyfail
MHH.AX,MHH.AX,emptyfail
0DMQ.L,0DMQ.L,emptyfail
MIE,MIE,emptyfail
SO4.AX,SO4.AX,emptyfail
DFC.TO,DFC.TO,emptyfail
DFD.TO,DFD.TO,emptyfail
DFE.TO,DFE.TO,emptyfail
DFU.TO,DFU.TO,emptyfail
MTSL,MTSL,emptyfail
SO4.L,SO4.L,emptyfail
EARS,EARS,emptyfail
KN.PA,KN.PA,emptyfail
0QZM.L,0QZM.L,emptyfail
FOCCX,FOCCX,emptyfail
SFLWX,SFLWX,emptyfail
SASWX,SASWX,emptyfail
FOCWX,FOCWX,emptyfail
PPX,PPX,emptyfail
ACRTX,ACRTX,emptyfail
ASCTX,ASCTX,emptyfail
MDLQ,MDLQ,emptyfail
IACA,IACA,emptyfail
NIMEX,NIMEX,emptyfail
NMAEX,NMAEX,emptyfail
CORP.TO,CORP.TO,emptyfail
FTOC,FTOC,emptyfail
DSE,DSE,emptyfail
EFF,EFF,emptyfail
MYT,MYT,emptyfail
PBY,PBY,emptyfail
HCAPZ,HCAPZ,emptyfail
FRSSX,FRSSX,emptyfail
PPR,PPR,emptyfail
CMHY.L,CMHY.L,emptyfail
SCAD.TO,SCAD.TO,emptyfail
SUSA.TO,SUSA.TO,emptyfail
SINT.TO,SINT.TO,emptyfail
WBIE,WBIE,emptyfail
SFIX.TO,SFIX.TO,emptyfail
RIVEX,RIVEX,emptyfail
ECOLX,ECOLX,emptyfail
EWENX,EWENX,emptyfail
FLB.TO,FLB.TO,emptyfail
XSIL.L,XSIL.L,emptyfail
FEXPX,FEXPX,emptyfail
FBU.TO,FBU.TO,emptyfail
FHB.TO,FHB.TO,emptyfail
DXM.TO,DXM.TO,emptyfail
UXM.TO,UXM.TO,emptyfail
FBE.TO,FBE.TO,emptyfail
MIH.AX,MIH.AX,emptyfail
TPVY,TPVY,emptyfail
GAINX,GAINX,emptyfail
CEZ,CEZ,emptyfail
DWFI,DWFI,emptyfail
SYE,SYE,emptyfail
SMEZ,SMEZ,emptyfail
SYG,SYG,emptyfail
HUIB.TO,HUIB.TO,emptyfail
QTSRX,QTSRX,emptyfail
ATSMX,ATSMX,emptyfail
USHG,USHG,emptyfail
MOM,MOM,emptyfail
PRGIX,PRGIX,emptyfail
HCN.TO,HCN.TO,emptyfail
HII.TO,HII.TO,emptyfail
HTH.TO,HTH.TO,emptyfail
TGTIX,TGTIX,emptyfail
IQDAX,IQDAX,emptyfail
FHE.TO,FHE.TO,emptyfail
FHU.TO,FHU.TO,emptyfail
PBB,PBB,emptyfail
AGGP,AGGP,emptyfail
VUVLX,VUVLX,emptyfail
ZUSD.AX,ZUSD.AX,emptyfail
QAG.AX,QAG.AX,emptyfail
TOPIX,TOPIX,emptyfail
MFLA,MFLA,emptyfail
TLIIX,TLIIX,emptyfail
SSSJX,SSSJX,emptyfail
ELU,ELU,emptyfail
KOL,KOL,emptyfail
PLC,PLC,emptyfail
ZJO.TO,ZJO.TO,emptyfail
ZJN.TO,ZJN.TO,emptyfail
USV,USV,emptyfail
UAG,UAG,emptyfail
QCB.AX,QCB.AX,emptyfail
HGM.TO,HGM.TO,emptyfail
RLE.TO,RLE.TO,emptyfail
RLD.TO,RLD.TO,emptyfail
RIG.TO,RIG.TO,emptyfail
TTTN,TTTN,emptyfail
BQAD.L,BQAD.L,emptyfail
RQH.TO,RQH.TO,emptyfail
MCX,MCX,emptyfail
PTB.TO,PTB.TO,emptyfail
LACK,LACK,emptyfail
SOJA,SOJA,emptyfail
NEED,NEED,emptyfail
MUTE,MUTE,emptyfail
ZMLP,ZMLP,emptyfail
DZK,DZK,emptyfail
TAWK,TAWK,emptyfail
PASS,PASS,emptyfail
USMCX,USMCX,emptyfail
TDEYX,TDEYX,emptyfail
TDEAX,TDEAX,emptyfail
TYBS,TYBS,emptyfail
MFR-UN.TO,MFR-UN.TO,emptyfail
RWSL,RWSL,emptyfail
RWCD,RWCD,emptyfail
RWDE,RWDE,emptyfail
RWDC,RWDC,emptyfail
RWLS,RWLS,emptyfail
RWIU,RWIU,emptyfail
BTTTX,BTTTX,emptyfail
TYGGX,TYGGX,emptyfail
DSMGX,DSMGX,emptyfail
TGGCX,TGGCX,emptyfail
UTLF.L,UTLF.L,emptyfail
CBLLX,CBLLX,emptyfail
VAH.TO,VAH.TO,emptyfail
VLQ.TO,VLQ.TO,emptyfail
LMHB,LMHB,emptyfail
SDAG,SDAG,emptyfail
CROP,CROP,emptyfail
HFXJ,HFXJ,emptyfail
QGTA,QGTA,emptyfail
TCRZ,TCRZ,emptyfail
LMHA,LMHA,emptyfail
HRA.TO,HRA.TO,emptyfail
FARPX,FARPX,emptyfail
FIOCX,FIOCX,emptyfail
FIROX,FIROX,emptyfail
FRAPX,FRAPX,emptyfail
FIOIX,FIOIX,emptyfail
FIOTX,FIOTX,emptyfail
COGRX,COGRX,emptyfail
CADIX,CADIX,emptyfail
NGPAX,NGPAX,emptyfail
NLGIX,NLGIX,emptyfail
HBG.TO,HBG.TO,emptyfail
0O8X.L,0O8X.L,emptyfail
SHZ.TO,SHZ.TO,emptyfail
GULF,GULF,emptyfail
JBR,JBR,emptyfail
CCX.TO,CCX.TO,emptyfail
UBJ.AX,UBJ.AX,emptyfail
DIV.AX,DIV.AX,emptyfail
UBA.AX,UBA.AX,emptyfail
UBW.AX,UBW.AX,emptyfail
UBU.AX,UBU.AX,emptyfail
ETF.AX,ETF.AX,emptyfail
BNKU.L,BNKU.L,emptyfail
DRR,DRR,emptyfail
UCOM,UCOM,emptyfail
GASX,GASX,emptyfail
EUFL,EUFL,emptyfail
RUSS,RUSS,emptyfail
GASL,GASL,emptyfail
HEW.TO,HEW.TO,emptyfail
SAGG,SAGG,emptyfail
MIDZ,MIDZ,emptyfail
SUP5.L,SUP5.L,emptyfail
CAN.TO,CAN.TO,emptyfail
PUS5.L,PUS5.L,emptyfail
USP5.L,USP5.L,emptyfail
DVEM,DVEM,emptyfail
SSWA,SSWA,emptyfail
BCF,BCF,emptyfail
INP,INP,emptyfail
DYB,DYB,emptyfail
JMPD,JMPD,emptyfail
CES.TO,CES.TO,emptyfail
CED.TO,CED.TO,emptyfail
RQG.TO,RQG.TO,emptyfail
IGVT,IGVT,emptyfail
IFIX,IFIX,emptyfail
SUD5.L,SUD5.L,emptyfail
IPE,IPE,emptyfail
3NIS.L,3NIS.L,emptyfail
FUT.TO,FUT.TO,emptyfail
CWAI,CWAI,emptyfail
PEU.TO,PEU.TO,emptyfail
MXF.TO,MXF.TO,emptyfail
SKG-UN.TO,SKG-UN.TO,emptyfail
KMPA,KMPA,emptyfail
ORECX,ORECX,emptyfail
ORENX,ORENX,emptyfail
QXGG,QXGG,emptyfail
QXTR,QXTR,emptyfail
SZO,SZO,emptyfail
AGF,AGF,emptyfail
FIEG,FIEG,emptyfail
VMRGX,VMRGX,emptyfail
BOM,BOM,emptyfail
SHE.TO,SHE.TO,emptyfail
LTMU.L,LTMU.L,emptyfail
EDOM,EDOM,emptyfail
HGSD,HGSD,emptyfail
DDP,DDP,emptyfail
BVX,BVX,emptyfail
PTM,PTM,emptyfail
CBN.TO,CBN.TO,emptyfail
FHP.L,FHP.L,emptyfail
FMDG,FMDG,emptyfail
CBD.TO,CBD.TO,emptyfail
FCY.TO,FCY.TO,emptyfail
VMIN,VMIN,emptyfail
QXRR,QXRR,emptyfail
QXMI,QXMI,emptyfail
RQF.TO,RQF.TO,emptyfail
JJCB,JJCB,emptyfail
JJAB,JJAB,emptyfail
SGGB,SGGB,emptyfail
JJSB,JJSB,emptyfail
JJGB,JJGB,emptyfail
GAZB,GAZB,emptyfail
PGMB,PGMB,emptyfail
BALB,BALB,emptyfail
COWB,COWB,emptyfail
BJJN,BJJN,emptyfail
BJO,BJO,emptyfail
JJTB,JJTB,emptyfail
STLRU,STLRU,emptyfail
MER,MER,emptyfail
LABS,LABS,emptyfail
XCRA,XCRA,emptyfail
FIEU,FIEU,emptyfail
USAG,USAG,emptyfail
HCRF,HCRF,emptyfail
CNSF,CNSF,emptyfail
TCHF,TCHF,emptyfail
ERGF,ERGF,emptyfail
FNCF,FNCF,emptyfail
HEFV,HEFV,emptyfail
OIIL,OIIL,emptyfail
KEMP,KEMP,emptyfail
FNTEU,FNTEU,emptyfail
CLE,CLE,emptyfail
SPLX,SPLX,emptyfail
ADZ,ADZ,emptyfail
DEE,DEE,emptyfail
HVI.TO,HVI.TO,emptyfail
HVU.TO,HVU.TO,emptyfail
DBES,DBES,emptyfail
ELECU,ELECU,emptyfail
ABE,ABE,emptyfail
RCOM,RCOM,emptyfail
GBB,GBB,emptyfail
CAFE,CAFE,emptyfail
SGAR,SGAR,emptyfail
NINI,NINI,emptyfail
DIRT,DIRT,emptyfail
WEET,WEET,emptyfail
HEVY,HEVY,emptyfail
ICI,ICI,emptyfail
VLI,VLI,emptyfail
FVI,FVI,emptyfail
MIIIU,MIIIU,emptyfail
MIIIW,MIIIW,emptyfail
HMF.TO,HMF.TO,emptyfail
TPS,TPS,emptyfail
OXF.TO,OXF.TO,emptyfail
SHA.TO,SHA.TO,emptyfail
SHU.TO,SHU.TO,emptyfail
GWM,GWM,emptyfail
CLLN.L,CLLN.L,emptyfail
SHC.TO,SHC.TO,emptyfail
QRI.TO,QRI.TO,emptyfail
QRT.TO,QRT.TO,emptyfail
QCP.TO,QCP.TO,emptyfail
QRH.TO,QRH.TO,emptyfail
QMG.TO,QMG.TO,emptyfail
RQE.TO,RQE.TO,emptyfail
IPS,IPS,emptyfail
TLO,TLO,emptyfail
XGR.TO,XGR.TO,emptyfail
XCR.TO,XCR.TO,emptyfail
XBZ.TO,XBZ.TO,emptyfail
XAL.TO,XAL.TO,emptyfail
CBQ.TO,CBQ.TO,emptyfail
HMA.TO,HMA.TO,emptyfail
FCE.TO,FCE.TO,emptyfail
JMIVX,JMIVX,emptyfail
RHU.TO,RHU.TO,emptyfail
DI,DI,emptyfail
ESF,ESF,emptyfail
HTD.TO,HTD.TO,emptyfail
FGV.TO,FGV.TO,emptyfail
FUM.TO,FUM.TO,emptyfail
FGU.TO,FGU.TO,emptyfail
PXF.TO,PXF.TO,emptyfail
FGM.TO,FGM.TO,emptyfail
FGL.TO,FGL.TO,emptyfail
CBB.TO,CBB.TO,emptyfail
ZEL.TO,ZEL.TO,emptyfail
APIC,APIC,emptyfail
HWC.L,HWC.L,emptyfail
ALMEX,ALMEX,emptyfail
COX,COX,emptyfail
SSE,SSE,emptyfail
BKESF,BKESF,emptyfail
CU,CU,emptyfail
END,END,emptyfail
HILL,HILL,emptyfail
FSIMX,FSIMX,emptyfail
BPP,BPP,emptyfail
CBST,CBST,emptyfail
CTC,CTC,emptyfail
WRN.L,WRN.L,emptyfail
COGO,COGO,emptyfail
SFC,SFC,emptyfail
SNDS,SNDS,emptyfail
ETC,ETC,emptyfail
CMM,CMM,emptyfail
WGP.L,WGP.L,emptyfail
GFZ,GFZ,emptyfail
CPD,CPD,emptyfail
FLE,FLE,emptyfail
ATSI,ATSI,emptyfail
BF,BF,emptyfail
PRL,PRL,emptyfail
MEDC,MEDC,emptyfail
TSA,TSA,emptyfail
NMK,NMK,emptyfail
