source,RoA,earnYield,grahamNumberToPrice,bVpRatio,revenueGrowth,incomeQuality,returnOnEquity,returnOnCapitalEmployed,currentRatio,grossProfitMargin,freeCashFlowYield,freeCashFlowPerShareGrowth,DcfToPrice,marketCapRevQuants,Altman-Z,Piotroski,tbVpRatio,BoScore,EPStoEPSmean,priceGrowth,CycleHeat,AggScore,rankOfRanks,moatScore,total_return
ENVA,-0.49919565537297406,0.23634384930990793,-0.10077170761452513,-0.0422723531814986,0.337207207919991,1.476390834226079,-0.0991154574314779,-0.1655193218360813,0.31086505053057606,0.0598432720905757,7.016496305946896,0.2481171991155583,0.0,-0.05856516070822727,-0.21836964951006388,0.7693229107955036,-0.11318972535446982,0.17315912107877762,-0.09645971503138971,-0.021074385653346454,0.05538447039824981,0.926859708971806,1.0,5,1.9994787594474859
SLP.L,1.0504887792577682,3.1881072213814208,0.19748201249987282,0.1199558621641113,0.6981273302676001,-0.03759755345120989,0.1171916590842617,0.28083672716782593,0.12338800932475436,-0.2566845552007527,1.523846393215159,1.0573839115032961,-0.19823056954538795,0.17569548212468183,0.001856475804693497,0.21585319079873833,0.2885934535849825,-0.004859919816439354,0.26204568504645,-0.3278869937510399,0.6670787953345988,0.9142671396795384,0.1,5,-0.05333858903851402
GSL-PB,0.04403704561361438,4.263712879849671,0.38561729253649335,0.22096528953900346,0.21805697016546116,-0.07726742143751138,0.048738169103617786,-0.07746688457149059,-0.15279403348859244,0.13510117827623716,2.937811202676685,-0.07682320813302734,0.056184757423958606,0.17569548212468183,-0.2251948177476689,0.21585319079873833,0.5258790069353413,-0.08140810740138235,-0.0638755818330614,0.10264484685491249,0.32200323768179406,0.8897470494967475,0.8,4,1.2606680984995837
GSL,0.04403704561361438,4.263712879849671,0.38561729253649335,0.22096528953900346,0.21805697016546116,-0.07726742143751138,0.048738169103617786,-0.07746688457149059,-0.15279403348859244,0.13510117827623716,2.937811202676685,-0.07682320813302734,0.056184757423958606,0.17569548212468183,-0.2251948177476689,0.21585319079873833,0.5258790069353413,-0.08140810740138235,-0.0638755818330614,0.10264484685491249,0.32200323768179406,0.8897470494967475,0.8,4,1.2606680984995837
CFX.L,0.060253621186275495,1.2271596908747744,-0.045071793926101035,-0.07708426560959701,-0.3579069528423989,-0.09811036021610556,0.08925255899169078,0.05935801039878518,-0.12185666591654185,0.15639687270788938,3.3554377727040126,0.0827883554816084,0.0,0.4099561249575909,-0.18507780148543415,0.7693229107955036,-0.04716737586097015,0.19986197721306065,0.18124929712881951,0.08108193903803823,0.25477635078613775,0.5994620266407037,0.7,3,0.10400273221769225
CAPD.L,0.2535096059487027,2.4293696860324707,0.11516522909775977,0.06013762326369568,0.7936463537160225,0.27127819933034136,0.04159954089772605,0.10660939125313655,-0.1135753221425237,-0.2817898983237849,-0.8345679733848236,2.581831741103418,0.0,0.17569548212468183,-0.21785534111467086,-0.33761652919802704,0.22775501717090066,-0.09208924985509526,0.2511628340834701,0.0660717335807333,0.18866178081636564,0.56849999044005,0.4,3,0.0753139009890026
SYF,-0.6300960269787979,0.7932293179566876,-0.034704820698921175,-0.008797090781104057,-0.1711126541612386,0.5003352616892986,-0.06589059728626676,-0.2119574485701238,-0.14341409940295685,0.20577704476812736,4.372652657139476,0.12288566072106359,0.0,-0.2928258035411364,-0.33144234180911214,1.322792630792269,-0.00198338567032144,-0.08852886903719062,-0.04371758869042156,0.09678452375380842,-0.08978945938799843,0.530019691080514,2.9,6,1.2368005797763695
SYF-PA,-0.6300960269787979,0.7932293179566876,-0.034704820698921175,-0.008797090781104057,-0.1711126541612386,0.5003352616892986,-0.06589059728626676,-0.2119574485701238,-0.14341409940295685,0.20577704476812736,4.372652657139476,0.12288566072106359,0.0,-0.2928258035411364,-0.33144234180911214,1.322792630792269,-0.00198338567032144,-0.08852886903719062,-0.04371758869042156,0.09678452375380842,-0.08978945938799843,0.530019691080514,2.9,6,1.2368005797763695
RFX.L,0.2077922302173528,1.1763820582832056,-0.057642361895314506,0.0,0.5097725580097977,-0.4460588244242939,0.004179262464146803,0.07004993181321616,-0.0875687262973223,0.1303677216297073,0.575604002238953,0.5971322896273119,0.3564285207608052,0.4099561249575909,-0.08512671585708036,0.21585319079873833,-0.04211817145978652,0.0093816034551777,0.24226285858235078,0.11212280692759313,0.41084784360167986,0.43096182034338304,0.2,5,0.32634330299686254
AEP.L,0.24063512932104297,2.462129194396361,0.2353468765907021,0.15859964978492164,0.09992460350953902,-0.39292431340437656,-0.034159421011472534,0.019705519870232325,0.01046476445070297,-0.9378608517447834,0.6800673055776177,-0.8951110173360737,0.3613975970024213,0.17569548212468183,0.02024274280007466,0.7693229107955036,0.4442986116056728,0.06990807735955207,0.13346522103627076,0.1331508245302216,0.2688169512243195,0.40231158584831295,0.3,3,0.3297913211516055
MPE.L,0.13641015670963252,0.6755362708659945,-0.06918292428147949,-0.028135203527004167,1.1089640672434193,0.7784142651910242,-0.061441335217664685,0.008768061999164198,-0.11757852680948094,-0.7926623691714292,-0.00551625485469612,0.09174154457724343,0.0,0.17569548212468183,0.049008664407224456,-0.33761652919802704,0.05061729245244033,-0.06716658412976478,0.08808858995249,0.0856097841751541,-0.14355008868429034,0.16260043638246324,0.9,3,0.728559939963662
PRU.TO,0.28936273900802284,0.6653559465643658,-0.034655983508207464,-0.10012163293737487,2.336640100032563,-0.28815333239633484,0.00812093550588044,0.08188692098373132,-0.06786007863048772,-0.48825012714022276,0.29611936831288704,0.10439689895279772,0.5028834323067891,-0.05856516070822727,0.31693051884352735,-1.4445559691915577,0.13349908948762776,0.18740064435039516,0.21000317896722184,-0.46881055812818095,-0.565498385284464,0.1616128545390752,0.5,4,2.2671276284425987
CDFF.L,-0.2553292344345314,0.07635659786507015,-0.04088162767704864,0.13344225399094695,-1.6057297075037376,-0.11150912153576843,-0.20697885877902367,-0.25753772756768883,0.3089431935818633,1.8073992070940645,-0.30978212344638834,0.3587863838254085,0.0,0.4099561249575909,0.5508927873840391,-0.8910862491947924,0.3642605141278131,0.005821222637273562,0.3068366194536056,0.1119372123727541,0.7139618237827546,0.1469759290934205,0.6,6,0.04752742945680249
HSM.L,-0.05988995874049866,1.0524483974867545,0.0105976477459521,0.010779102239041065,-0.5266782605363642,-0.2170079800830172,-0.007620665954617677,-0.07110965595104056,-0.04087640917159116,-0.11123410032637283,-0.4734581186162095,-0.18675404594232337,-0.04896684300579155,0.4099561249575909,-0.09967974794843885,0.7693229107955036,0.08863306109140119,-0.09386944026404784,0.24974510608106987,0.15973939581469315,0.5873890978201352,0.1401465617491828,1.2,4,-0.33371790303022064
RRBI,-0.7212210494762941,-0.207292581892138,-0.1301083447462157,-0.01862872087920695,-0.23604466687759038,-0.12946939280178002,-0.17378966990672604,-0.15591488207702497,1.048657920194768,0.7906564887736246,-0.3893956050107039,0.20454760794235607,0.17398938320385224,0.17569548212468183,-0.360280687866095,0.7693229107955036,0.06343645217883473,-0.0903090594461437,0.14521282224445098,0.13918797437333963,0.48466332332469214,0.1382915704176185,2.3,5,0.28973810326335003
NEXN,-0.6506785121962799,-1.0499936293856895,-0.1999776679778363,0.46978032318671914,-0.5505296330778151,0.1478110267813574,-0.2861003795323013,-0.2567709223677074,-0.1301928698154696,0.8587230669930114,2.3539227108010867,0.020102956889784085,0.0,0.17569548212468183,-0.23136487970802,-0.8910862491947924,0.02648370647401147,0.06634769654164743,0.2386962045523053,0.19230770524083518,0.7139618237827546,0.10171379601122835,2.6,4,0.4341085046485124
M12.DE,-0.0035513184165383203,-0.3764286795946539,-0.22350028068497924,-0.15081567098772078,2.9710433238616503,-0.020570093183165297,-0.055947584652951146,-0.05866522511755306,-0.055473973541590116,-1.2548397532492988,-0.20545496115796005,-0.39065134068696417,0.5125388928699732,0.17569548212468183,-0.042494278325502365,0.7693229107955036,-0.29643626030975084,0.04142503081631696,0.1715910373888952,0.011255653768406518,-0.565498385284464,0.09525445264323354,2.4,2,0.7176295377670615
0HQ7.L,0.6141391180566056,-0.005531883248784295,-0.2568249192831178,-0.22999283455892353,-0.6782187438900845,-0.15525619730376847,0.34499885015413706,0.22115204166002084,-0.12282062551759226,-0.05850263795499969,-0.23450562380556655,0.03929853974310683,0.1553450289662103,-0.05856516070822727,-0.09138421559951837,0.7693229107955036,-0.34399093315546836,-0.0778477265834777,0.2826853298173243,0.11222658546331345,0.7139618237827546,0.09396887268294478,2.2,4,0.6425613125969742
BKE,0.6141391180566056,-0.005531883248784295,-0.2568249192831178,-0.22999283455892353,-0.6782187438900845,-0.15525619730376847,0.34499885015413706,0.22115204166002084,-0.12282062551759226,-0.05850263795499969,-0.23450562380556655,0.03929853974310683,0.1553450289662103,-0.05856516070822727,-0.09138421559951837,0.7693229107955036,-0.34399093315546836,-0.0778477265834777,0.2826853298173243,0.11222658546331345,0.7139618237827546,0.09396887268294478,2.2,4,0.6425613125969742
GFM.L,-0.11146603371470813,0.1412739319563132,-0.13159350272603632,0.0,0.7047090720143584,0.1804673074227825,-0.1425781326688892,-0.03659691510247419,-0.15081739905233493,-0.29319071366433835,0.0,0.15249654332927148,0.1951669444260186,0.17569548212468183,0.07834240983765656,-0.33761652919802704,-0.22096439786137978,-0.0547052512670998,0.25282141625315424,0.0,0.44783338912486814,0.08492776212338175,1.3,3,3.4519679027241716
0QQF.L,-0.329481174502334,0.36082050512582664,0.08794333818210587,0.13124763335971404,-0.2482090510788189,0.12473389278842274,-0.14594989893280905,-0.11341783324983658,-0.13664761529785313,-0.4876805021646847,0.8096900152395085,0.15365286995206245,0.23450219595697844,0.17569548212468183,-0.1697378692423811,0.21585319079873833,0.33829481177523224,0.1856204539414431,0.047801797578351436,-0.03077555603032607,-0.565498385284464,0.06384583010395575,1.5,3,0.9572744608902972
DORO.ST,-0.06329437180203322,0.6467435453924707,-0.09788541849709079,0.01867340465259472,-1.9644879025362973,0.41423083628959884,0.014602244403800115,-0.1726335711666546,-0.13345216121760933,-0.2776393476597033,0.004929763576617795,1.4731511292949708,0.32481639939879375,0.17569548212468183,-0.17565338386102305,-0.33761652919802704,-0.22301695974947425,-0.06894677453871685,0.2581584875287834,0.10799755414292399,0.7139618237827546,0.06383342503613607,1.2,2,1.7477290946117043
MPCK.DE,-0.1862584299107262,-0.3162113670935266,0.010650617438384762,0.06483664162845527,-0.43043121026828807,0.25401775527109655,-0.17459157307495055,-0.26869791163573564,0.23824311923648903,1.1890533742356824,-0.36381744916478564,0.0,0.5065500521532655,0.4099561249575909,-0.008099615457450481,-0.33761652919802704,0.2571557935629924,-0.02622220472386519,0.1975145301443292,0.09059154483804215,-0.565498385284464,0.05411248776545088,1.1,6,0.9749107912041572
HNNAZ,-0.5229673858121543,-0.2021625773711485,-0.05176370129683154,0.16984806675065833,-0.5390203069562822,-0.023439841794990778,-0.23229671872040222,-0.23781275058641616,0.33956602994178836,0.2998802049962298,0.014544765231954774,0.05026769783095292,0.0,0.4099561249575909,-0.20211544492265712,0.21585319079873833,0.12633867700609464,-0.07606753617452564,0.23692326983352197,0.14604562054776113,0.5839489428680243,0.05055263271279069,1.8,6,0.40975064959683366
HNNA,-0.5229673858121543,-0.2021625773711485,-0.05176370129683154,0.16984806675065833,-0.5390203069562822,-0.023439841794990778,-0.23229671872040222,-0.23781275058641616,0.33956602994178836,0.2998802049962298,0.014544765231954774,0.05026769783095292,0.0,0.4099561249575909,-0.20211544492265712,0.21585319079873833,0.12633867700609464,-0.07606753617452564,0.23692326983352197,0.14604562054776113,0.526153504826319,0.044773088908620154,1.9,6,0.40975064959683366
0JSU.L,-0.15833437035464226,0.7992130069092425,0.08070816467403223,0.11119532150121113,0.04734523836361942,-0.8364694402430355,-0.1411355230904774,-0.09854882802474649,-0.14542323545262836,-0.6323191228879395,-0.44876818446201766,0.5062617814281031,0.42956084427872565,0.17569548212468183,-0.11400370251842835,0.21585319079873833,0.18036444868425083,0.18918083475934674,-0.19219616144816545,0.15854863471771624,0.282991218826661,0.04097195985842481,1.4,4,0.3657419610810498
SRB.L,-0.06680379846225044,0.8105651086211955,0.20027991029078732,0.39287080409536856,0.19974690092212016,-0.21900278266093604,-0.1363785707482506,-0.09257033610309705,-0.11554760327729739,-0.714998799126453,-0.9560969132176831,-0.23045338570977658,-0.41281895997776435,0.17569548212468183,0.09137401869107853,0.7693229107955036,0.8657896333838389,0.221224262120486,0.22041897025944515,-0.13905700050085204,-0.565498385284464,0.02980614662356814,1.7,2,9.095931833600414
SBI.TO,-0.06680379846225044,0.8105651086211955,0.20100704677838963,0.39287080409536856,0.33249522235120527,-0.21900278266093604,-0.1363785707482506,-0.09257033610309705,-0.11554760327729739,-0.714998799126453,-0.9044856111340365,-0.21214683521315303,-0.4152888292173314,0.17569548212468183,-0.018748505856304568,0.7693229107955036,0.8703815262727121,0.21232331007572514,0.20928614534444737,-0.23423871082475892,-0.565498385284464,0.027823878855089624,2.0,3,13.018246843942096
RAVE,0.5136680806559738,0.5779055765879524,-0.192710819814535,-0.1627383277242841,-0.4402983062124836,-0.10724143752511228,0.06396423355413608,-0.09623878420647314,-0.05300077493575629,0.6313712607708472,-0.4946381549642814,-0.34501303448716053,0.12547898603529725,0.4099561249575909,0.48859518574949695,-1.4445559691915577,-0.2199589213741162,0.16069778821611314,0.25216643764042707,0.024528172465988943,0.4530140291385671,0.014495134533663051,1.1,6,1.3785714285714288
ITRN,0.05971762987959924,-0.3732913515559832,-0.2502246970711777,-0.19974462124640815,-0.4549290562553956,-0.031327302996441146,0.028182331074381988,0.06583683081408184,-0.128562079023923,-0.09574296613406111,-0.5565231657761074,0.5003061399483976,0.30769320924967003,0.17569548212468183,-0.09466922353713417,0.7693229107955036,-0.3441252385100581,0.05922693490583916,0.17196181261010257,0.12116469754786859,0.2454148341394899,-0.0024616889017073347,2.7,2,0.8035494437465872
EXEL,-0.020859249852519534,-0.8872056385722447,-0.29187272189952657,-0.19233824680634326,-0.07497907696490425,2.178754773088095,-0.10998351047967579,-0.09638387700113012,-0.051061131904023505,1.5392227580458573,-1.0105003133300494,-1.4129380405759033,0.5546003369879745,-0.2928258035411364,0.2956754058413804,0.21585319079873833,-0.27732907362537346,-0.07428734576557357,0.12964270741732128,0.06213668077684693,-0.3216311741103906,-0.013830935147258083,3.5,4,1.4993765586034917
0IJO.L,-0.020859249852519534,-0.8872056385722447,-0.29187272189952657,-0.19233824680634326,-0.07497907696490425,2.178754773088095,-0.10998351047967579,-0.09638387700113012,-0.051061131904023505,1.5392227580458573,-1.0105003133300494,-1.4129380405759033,0.5546003369879745,-0.2928258035411364,0.2956754058413804,0.21585319079873833,-0.27732907362537346,-0.07428734576557357,0.12964270741732128,0.06213668077684693,-0.3216311741103906,-0.013830935147258083,3.5,4,1.4993765586034917
TCL-A.TO,-0.5815596942032777,-0.2696440449086258,-0.06567182240805707,0.19033005655738808,-0.6671905623909989,0.646796641450593,-0.24304153362996922,-0.22944425348933317,-0.1297121457400902,-0.10966383393633997,0.5077124223185961,0.12585246046376744,0.27627905051255014,-0.05856516070822727,-0.22452298758868047,0.21585319079873833,-0.35513398570055427,0.0022608418193694256,0.22020641213322134,0.16768984503254453,0.4416228200131943,-0.013954628360419118,3.1,2,0.4962484375154755
TCL-B.TO,-0.5815596942032777,-0.2696440449086258,-0.06567182240805707,0.19033005655738808,-0.6671905623909989,0.646796641450593,-0.24304153362996922,-0.22944425348933317,-0.1297121457400902,-0.10966383393633997,0.5077124223185961,0.12585246046376744,0.27627905051255014,-0.05856516070822727,-0.22452298758868047,0.21585319079873833,-0.35513398570055427,0.0022608418193694256,0.22020641213322134,0.16768984503254453,0.4416228200131943,-0.013954628360419118,3.1,2,0.4962484375154755
0DZJ.L,-0.2722082563038696,0.7172136437535965,-0.019725267052376337,0.01284531772924546,-0.3076696189967051,-0.21872578499919448,-0.08195200960204434,-0.48444854327239534,-0.14066446194313434,-1.5563965058957425,2.231994965487385,-0.5772835208699749,0.0,0.17569548212468183,-0.20294995978810063,-0.8910862491947924,-0.15675982012655568,-0.04224391840443482,0.3146184066485483,0.1694078280831885,0.7139618237827546,-0.06163764488399202,3.3,4,0.2377801199466575
SNX.L,-0.6719932132280858,-1.3184060488451148,0.006233046585705956,0.0,0.0816711876442393,1.8430870690578587,-0.2933143907512177,-0.28172862594398074,-0.13522647977298402,-0.6536935973763842,0.0,0.14418804879858432,0.0,0.4099561249575909,-0.13321114439765122,0.21585319079873833,-0.00344436424401783,0.20698273884886895,0.22591743983352366,0.0,-0.565498385284464,-0.09226274033187902,3.7,3,1.9824164888317088
FRES.L,0.21948827161217635,-0.07626447252405442,-0.21512127220108998,-0.14579048824594346,1.6746598515397026,0.6169045312257294,0.023963976776483507,0.0536381170416454,-0.00879844709060987,-0.6523810387006157,-0.798802150340601,-0.906094126841434,-0.27264746397925627,-0.2928258035411364,0.059175125846978704,-0.33761652919802704,-0.15727971950180503,-0.052925060858147736,0.244810171343736,0.03723502699693813,0.060094248404213825,-0.09265772522351169,1.9,4,0.8818448916376432
ANP.L,0.20377818933250025,-0.22993573380929597,-0.19673582935495113,-0.13387187133738493,-0.3027312985458678,-0.04694959856655442,-0.06756172185254035,-0.028570211710620613,-0.0012800707970563774,-0.14056517588774323,-0.33269066644279316,-0.32575034592864976,0.1026545095499453,0.4099561249575909,0.05298500055039235,-0.33761652919802704,-0.2887342840127067,0.07702883899536085,0.2430244066348588,0.06949031808064249,0.12239585066852558,-0.11516800986743751,2.1,4,-0.09163348291022155
0R4M.L,0.36550372169618495,-0.6022065388353751,-0.2601843734855928,-0.19581514395138466,2.7681254013512655,0.26742989918545707,0.01968596590694273,0.3460579832711324,-0.11124868944978275,0.5152098601199306,0.40141347430406155,0.3383092049230777,0.07435060162120698,-0.2928258035411364,0.03263346703958926,-1.4445559691915577,-0.2782295891203477,-0.09742982108195247,-0.8843611672867084,-1.7587772624661746,-0.565498385284464,-0.13624131642756276,3.0,6,61.74459159621024
CKN.L,-0.18630106858876405,-0.41842159675262275,-0.18130234949688284,-0.14250822313169145,0.07999911746155199,-0.3204650282970199,-0.09773559625820685,0.06520992678829497,-0.13431571394051448,1.4806095441802731,0.3621968327373312,0.2340830968966336,0.0,-0.05856516070822727,-0.11273902669425759,-1.998025689188323,-0.3483716258989978,0.0022608418193699313,0.06156608174115931,0.10498494587469556,0.23690018549014644,-0.1370940505966052,3.2,5,0.08809618368277405
MSA.TO,-0.21403969558333047,0.624982214916958,0.230991615189512,0.2726076009605374,-0.25963518085714976,-0.17404552158027825,-0.1371698904574646,0.08700370132224196,-0.1394806866448291,-0.6481811622626986,-0.2979993054990471,-0.0962332363594697,-0.339553017546566,-0.05856516070822727,-0.09802709196258663,-0.33761652919802704,0.5707509986480548,0.10195150472069132,0.21531664099598893,-0.20082624706628094,-0.565498385284464,-0.1463266834256435,2.5,5,8.040544367406293
SBOK.ST,-0.3080281441087444,0.2983678074695968,-0.024419645566747604,0.1141917926730562,-0.37096339344634394,0.09132633464847754,-0.18886731211192775,-0.17832366222230187,-0.08383062811850593,-0.30106805895050565,-0.40642735100671645,-0.3775373643565265,0.3961124281603142,0.17569548212468183,-0.09235307823295955,-1.4445559691915577,0.11236745497998199,-0.06004582249395701,0.2617626392462881,0.1296237163164576,0.6661253352876171,-0.1590847438900323,1.6,3,0.5122242348674069
SEIC,0.45455771727387306,-0.7042417851660504,-0.2902556390807694,-0.2211710857831726,-0.5215721665992709,-0.1372678397388622,-0.00505021219049806,-0.020192304411382065,-0.03181203192185422,0.23711787446269006,-0.9345366014952328,0.1320575686294389,-0.10440276080310636,-0.2928258035411364,0.5648886504152328,-0.33761652919802704,-0.3614616228537678,-0.04224391840443482,0.11377679775570675,0.12354059171792944,0.4125636025898502,-0.19661474983428434,3.4,6,0.5014056192284669
GFI,0.01718614956750399,-0.3541435893151883,-0.17554474337863796,-0.1255179658373642,0.0684972785147845,0.5891003273280283,0.004464831103763423,0.19712287942758602,-0.139425495581438,-0.5385981620545303,-0.5074684138804159,-0.17917808305465155,-0.3136906877585158,-0.2928258035411364,-0.08816528773762135,0.7693229107955036,-0.13235120638118056,-0.09208924985509526,0.03384519450655284,-0.1768447265453336,-0.565498385284464,-0.200180222896185,4.6,3,1.1422929259900378
DPM.TO,-0.06894630280760677,-0.017234393323001022,-0.08136372547443663,-0.009878248422717045,-0.5245595825156092,0.06162648662486697,-0.14438054915771914,-0.12751582347245552,0.0218190046771143,-0.37135249891490735,0.5784133040138268,0.07582408902148965,-0.24716815893706034,-0.05856516070822727,-0.0006258389008378728,-0.8910862491947924,0.07543642500918267,0.030743888362604544,0.18085775621568434,-0.055684888384461326,-0.48677824556858723,-0.20604187118576492,2.5,5,3.6056167254301688
HEN3.DE,-0.14300377477399634,-0.18754364023444342,-0.17876957164290236,-0.10797453173520215,-0.5971306869937341,-0.008050052640195869,-0.08720879926604172,-0.010549352048724037,-0.15268765311740873,-0.14364102012113325,-0.33065242094853314,-0.10225511902879955,0.32022140880635475,-0.2928258035411364,-0.17915113573263905,-0.33761652919802704,-0.478754409962635,-0.06894677453871736,0.156853618289944,0.25704074689665907,0.5645532624156948,-0.21080922391156168,4.1,4,0.1278963824792454
HEN.DE,-0.14300377477399634,-0.18754364023444342,-0.17876957164290236,-0.10797453173520215,-0.5971306869937341,-0.008050052640195869,-0.08720879926604172,-0.010549352048724037,-0.15268765311740873,-0.14364102012113325,-0.33065242094853314,-0.10225511902879955,0.32022140880635475,-0.2928258035411364,-0.17915113573263905,-0.33761652919802704,-0.478754409962635,-0.06894677453871736,0.156853618289944,0.25704074689665907,0.5645532624156948,-0.21080922391156168,4.1,4,0.1278963824792454
0LJL.L,-0.4074859943219043,-0.3524404242741531,-0.18305942869376002,-0.09157429362208466,-0.4228791390322592,0.04296603105913281,-0.14243826729694226,-0.1702915498447119,-0.1471911545909296,1.307930750699989,-0.9715087970541337,-0.1637668279846654,0.039195982787049014,-0.2928258035411364,-0.21395134493386234,0.7693229107955036,-0.3372113737542799,0.028963697953652473,-0.452196502693778,0.07688374000567673,-0.030662703757767026,-0.21142204920953644,5.9,3,0.4662152970503583
UHS,-0.4074859943219043,-0.3524404242741531,-0.18305942869376002,-0.09157429362208466,-0.4228791390322592,0.04296603105913281,-0.14243826729694226,-0.1702915498447119,-0.1471911545909296,1.307930750699989,-0.9715087970541337,-0.1637668279846654,0.039195982787049014,-0.2928258035411364,-0.21395134493386234,0.7693229107955036,-0.3372113737542799,0.028963697953652473,-0.452196502693778,0.07688374000567673,-0.030662703757767026,-0.21142204920953644,5.9,3,0.4662152970503583
DNG.TO,-0.015427502871590197,0.3300888890549949,-0.07605910055911705,-0.0038858305363794047,-0.0846601409743611,-0.3107352374779143,-0.11864060426436537,-0.025346311173438666,-0.04611905643716382,-1.2991426981436718,-0.9084650010385085,-0.4532376749565956,0.0,0.4099561249575909,-0.07785004638682483,-0.33761652919802704,0.09503137604907642,-0.0493646800402441,0.24919258129482252,0.0984182983455354,0.3012239699861488,-0.23226391743700328,2.8,2,0.6579734043843054
0L7G.L,-0.043387010033944205,-0.5885748468486462,-0.25476910905111816,-0.18235722501540882,-0.5353138980204207,-0.151820971281294,-0.07774189979166067,-0.06625053805063791,-0.07284960946367534,-0.016770466166983845,-0.8405589980906635,0.0919164882876092,0.09568700829032817,-0.2928258035411364,-0.005383025967858538,0.21585319079873833,-0.31881719007390513,0.014722174682034917,0.025673357659980776,0.10356157868844308,0.5499123301826884,-0.2350094462807531,4.2,7,0.5671680321646336
SNA,-0.043387010033944205,-0.5885748468486462,-0.25476910905111816,-0.18235722501540882,-0.5353138980204207,-0.151820971281294,-0.07774189979166067,-0.06625053805063791,-0.07284960946367534,-0.016770466166983845,-0.8405589980906635,0.0919164882876092,0.09568700829032817,-0.2928258035411364,-0.005383025967858538,0.21585319079873833,-0.31881719007390513,0.014722174682034917,0.025673357659980776,0.10356157868844308,0.5499123301826884,-0.2350094462807531,4.2,7,0.5671680321646336
ZM,-0.29549447567880605,-1.069772051178929,-0.3053530749488416,-0.19148977684422666,-0.518444205132737,0.7780723920207262,-0.1917316071091273,-0.21318115168563703,-0.06255843687889841,0.8505574673019152,-0.803828112549386,0.08767162401137554,0.5933590580575976,-0.2928258035411364,0.18004944593685743,-0.33761652919802704,-0.2789151007741081,-0.06538639372081272,-0.0053929993845288765,0.3038547664185891,-0.565498385284464,-0.24039233501626045,4.3,5,0.04542186001917553
LRCX,0.5934633188864231,-0.815758388731936,-0.34303693505107247,-0.2763602829119701,-0.4278967861825657,-0.1140221288761134,0.39665712381259327,0.16173221973183707,-0.10232205332290006,-0.13177377938009127,-1.025670551995405,0.28552509556742584,-0.39184752820630075,-0.2928258035411364,0.2099802233488964,0.21585319079873833,-0.4483303465481255,-0.08140810740138235,0.12312954294719286,0.024797729158394465,0.03129096995073347,-0.24088232779467642,4.8,7,2.209489682941922
0JT5.L,0.5934633188864231,-0.815758388731936,-0.34303693505107247,-0.2763602829119701,-0.4278967861825657,-0.1140221288761134,0.39665712381259327,0.16173221973183707,-0.10232205332290006,-0.13177377938009127,-1.025670551995405,0.28552509556742584,-0.3919604055804856,-0.2928258035411364,0.2099802233488964,0.21585319079873833,-0.4483303465481255,-0.08140810740138235,0.12312954294719286,0.024797729158394465,0.03129096995073347,-0.24089361553209487,4.9,7,2.209489682941922
0RPW.L,-0.42591863083477927,-0.39581702365522026,-0.1239334533659577,0.019595976795694015,-0.6714059100937259,-0.775876072370284,-0.21056359505096012,-0.20217360661596856,-0.07037900467039565,0.6398947078106579,-0.27251931846051997,-0.03840637329018082,-0.006489027819781063,-0.05856516070822727,-0.1354329758331411,0.21585319079873833,-0.33226423286784706,-0.09742982108195197,0.16924260895375423,0.1444105612173286,0.171669857580401,-0.24565073035623666,5.1,5,1.0897486581363143
0QME.L,-0.5612704473984751,-1.0752863215158641,-0.12115425951629007,-0.042440052934954835,-0.797516050396101,2.1677149370815822,-0.26122519114959497,0.1758803953819555,-0.1098477950889681,0.07178569642476315,0.31926780899327417,-0.11856093698031489,0.06333381022818954,0.4099561249575909,-0.055711683357079114,-1.4445559691915577,0.04375636323073991,-0.02444201431491312,-0.761693758115783,0.21666183749455142,-0.565498385284464,-0.2470845891451713,4.0,5,0.32153699152195747
0A1O.L,-0.29549447567880605,-1.069772051178929,-0.3053530749488416,-0.19148977684422666,-0.518444205132737,0.7780723920207262,-0.1917316071091273,-0.21318115168563703,-0.06255843687889841,0.8505574673019152,-0.803828112549386,0.08767162401137554,0.3861775320338272,-0.2928258035411364,0.18101994611347696,-0.33761652919802704,-0.2789151007741081,-0.038683537586530176,-0.0053929993845288765,0.3038547664185891,-0.565498385284464,-0.2583431519875473,4.4,5,0.04542186001917553
SAFT,-0.6242126943653882,-0.8347790113268102,-0.21606426010458057,-0.053703824961943654,-0.3526046753172805,0.32038265665966653,-0.2379417928335911,-0.2855124004700439,0.2589710332324579,0.44813044449323847,-0.6618919513223956,-0.8941917637965258,0.0,-0.05856516070822727,-0.2642500781161237,-0.33761652919802704,-0.11882137509425962,-0.08318829781033442,0.16591467375384553,0.19689559337022464,0.5385598316668997,-0.3094489582249199,5.2,5,-0.029621920939400997
VH2.DE,-0.30258713917401636,-0.8290836589718806,-0.269368853390208,-0.15680722581113887,0.24749182418749877,-0.3091737208961359,-0.1265644927496824,-0.08456126860136204,-0.12465480888061839,-0.2151049989431841,-1.2231217601093494,0.04385484213362899,-0.30016060055515925,-0.05856516070822727,0.020816806067988837,1.322792630792269,-0.2096621081733685,-0.07962791699243027,0.09497402588737698,-0.040668686767470985,-0.5166885149807153,-0.31164707866361846,6.3,2,2.7188180862215434
0QQM.L,0.17688456190697008,-0.41868989267054907,-0.23157310043547535,-0.16387760120536224,-0.548497355805537,-0.06627124201508795,-0.06306361441175572,-0.01140786958244615,-0.050021940673903524,-0.5606444416105589,-0.6693145626189438,-0.07723572495466788,0.10172723000906392,0.17569548212468183,0.10370703477467147,-1.4445559691915577,-0.22165303968602282,-0.09208924985509577,0.02001182747412592,0.22464748648286098,0.6501658772220309,-0.3166056104722559,3.8,4,0.30067649065652446
GMR.L,-0.4878468061987804,-2.706800682845994,-0.2664379905789222,-0.1662439563774654,1.0065055081493526,-0.1453023241126193,-0.3374315665828179,-0.11720319006674541,-0.10555033845254809,0.45923004829063185,-2.442381517594904,0.09241427361234969,0.0,0.4099561249575909,0.7613423511053895,0.21585319079873833,-0.4563193943490939,0.1678185498519219,0.25206055212278367,-0.16125469291137523,0.7139618237827546,-0.33136300373997524,4.7,4,1.032
AEM.TO,-0.42219694948903314,-0.8153127126977278,-0.23581594725856633,-0.08643577534377314,0.35581671994395475,0.2711190977520205,-0.21114166771559567,-0.18760733598628818,-0.12240055081329881,-0.39201402318600276,-1.1215471314886796,-0.04378294079215228,0.07276914775325131,-0.2928258035411364,0.0404955339173148,0.21585319079873833,-0.14655438419629654,0.11263264717440424,-0.07484392274559211,-0.027398351429347753,-0.23320661491510156,-0.3344397774258908,5.3,5,2.8260002796032384
AEM,-0.42219694948903314,-0.8153127126977278,-0.2347725308206672,-0.08643577534377314,0.33398254440538006,0.2711190977520205,-0.21114166771559567,-0.18760733598628818,-0.12240055081329881,-0.39201402318600276,-1.1204493460521077,-0.03559402769356263,-0.1835274796956364,-0.2928258035411364,0.0404955339173148,0.21585319079873833,-0.14336180685174935,0.11263264717440424,-0.0740832038993005,-0.036293006826912624,-0.23526621636598977,-0.36191994229309243,5.5,4,3.050251702197328
0R2J.L,-0.42219694948903314,-0.8153127126977278,-0.2347725308206672,-0.08643577534377314,0.33398254440538006,0.2711190977520205,-0.21114166771559567,-0.18760733598628818,-0.12240055081329881,-0.39201402318600276,-1.1204493460521077,-0.03559402769356263,-0.18670604511351113,-0.2928258035411364,0.0404955339173148,0.21585319079873833,-0.14336180685174935,0.0859297910401217,-0.0740832038993005,-0.036293006826912624,-0.23526621636598977,-0.36490808444830813,5.7,4,3.050251702197328
TCBX,-0.7398849282135583,0.00146829723771845,-0.030355213622659593,0.18245564821357702,0.7898487845383556,-0.09181233259755997,-0.22238820550527807,-0.2275531005034041,-0.12917356947737085,0.1093356655014844,-0.45933648829585444,-3.461520002853341,-0.18471207087741143,0.17569548212468183,-0.30258143876764737,0.21585319079873833,0.41088982208860525,-0.07428734576557407,0.08631194589113483,0.10388827326131128,0.013342568667003769,-0.38345150181570486,5.0,3,1.1025324332446
SCSC,-0.5407850046997533,-0.2856257125282637,-0.1087007588003164,0.05171082465797831,-0.7577941743804151,0.06663797013988056,-0.21329384064950616,-0.20232583794727863,-0.12406384353842624,-1.2849275668183702,-0.5726804093317093,-0.25723148833540604,-0.08567978730253925,0.17569548212468183,-0.19363718750485928,0.7693229107955036,-0.026358974070037115,-0.08140810740138285,0.07149321585710483,0.13068946269841528,-0.565498385284464,-0.40344612123191637,6.4,3,0.5054757015742644
EVER,-1.1748611736198449,-2.2048466494100927,-0.3206310204360767,-0.22092844471310524,0.16904511878334327,-0.05458276701980176,-0.44856236092154855,-0.4520602926232425,-0.12686877551649667,1.47118144019491,-1.437478515260021,-0.46761000462774704,-0.28804999265230313,0.17569548212468183,0.1340129490125331,0.7693229107955036,-0.37389766115303125,0.0022608418193694256,0.1036569564603534,-0.03279901628230443,0.7139618237827546,-0.40640391512621665,7.0,5,0.7137673044968452
0VL5.L,-0.20567647285878546,0.42138023021293375,-0.004190135426771428,0.11070062675365985,-0.3199913396076494,-2.748392741283146,-0.16818169506506989,0.0935326465559771,-0.12779859657503134,0.19076600346262296,-1.7888702044889409,1.118803234919078,-0.4084196623871653,-0.05856516070822727,-0.05790474538881487,0.21585319079873833,0.321956622583213,0.00048065141041735696,0.026184320605663614,-0.18656259846415507,-0.565498385284464,-0.4140394210235917,3.9,5,4.042189571913705
TXG.TO,-0.20567647285878546,0.42138023021293375,-0.006719522634107938,0.11070062675365985,-0.3199913396076494,-2.748392741283146,-0.16818169506506989,0.0935326465559771,-0.12779859657503134,0.19076600346262296,-1.78887020612084,1.117295117396856,-0.4220509140876349,-0.05856516070822727,-0.05790474538881487,0.21585319079873833,0.31763246302776826,-0.017321252679104338,0.027779847440855467,-0.1818546603374631,-0.565498385284464,-0.41738855669809266,4.1,5,4.042177237237316
0J7X.L,-0.6542267226763732,-0.9402312549912649,-0.22772551610883526,0.038270418399765055,-0.1694659265202093,0.11336778585263524,-0.26713086404716313,-0.2265666021838032,-0.10022327344687401,-0.46104908313834647,-0.07982972901237735,-2.40462591764297,0.2497460193252935,0.17569548212468183,-0.17310374020990243,1.322792630792269,0.36197100511016805,0.005821222637273562,-0.3143988365035791,0.1264814777849971,-0.565498385284464,-0.41899298097390786,5.6,3,1.1731887963717398
MBB.DE,-0.6542267226763732,-0.9402312549912649,-0.22772551610883526,0.038270418399765055,-0.1694659265202093,0.11336778585263524,-0.26713086404716313,-0.2265666021838032,-0.10022327344687401,-0.46104908313834647,-0.07982972901237735,-2.40462591764297,0.2497460193252935,0.17569548212468183,-0.17310374020990243,1.322792630792269,0.36197100511016805,0.005821222637273562,-0.3143988365035791,0.1264814777849971,-0.565498385284464,-0.41899298097390786,5.6,3,1.1731887963717398
0QNG.L,-0.21253928991836865,-0.2761666959798973,-0.13532877657121917,-0.05052848887039463,0.16157283439213185,0.33113989369408164,-0.16258716841470525,-0.19165240470118017,-0.1427641349612894,-0.4280784986481877,-1.2985773425811957,0.22277736842703455,-0.5950258441118719,-0.05856516070822727,-0.07506157520248033,-1.998025689188323,-0.0008347993681528839,0.05210617327003038,-0.36513991464074963,0.08013556669818622,0.7139618237827546,-0.44291821236020235,4.5,3,0.7058412237959016
NICE,-0.3739256559771884,-1.1363975420198977,-0.3294504207766036,-0.21728432352975524,-0.28223203122409574,0.1103530549786706,-0.18912135178633457,-0.18856785357884276,-0.12460895681474729,0.5673107213589332,-1.1058698448627544,-0.3065036628841956,0.0,-0.2928258035411364,0.007988693506214941,-0.8910862491947924,-0.42997684905834077,-0.06360620331186116,-0.08992896013038305,0.1947524514078714,0.29641228898963495,-0.4844568498449604,6.5,3,-0.3240346878996309
YETI,-0.04993785975556896,-0.9625398781978696,-0.3197698148275556,-0.24190759901808526,-0.41293192335865264,-0.6382250678375865,-0.027254326483342955,0.004956404338821088,-0.1202051296618967,0.14256854886389658,-1.1756078623328456,-0.9001889200354826,-0.04085005713109894,-0.05856516070822727,-0.07765132517178734,-0.8910862491947924,-0.4074157996223748,-0.08318829781033493,0.2440708026238877,0.27535347293165147,0.6169815290381369,-0.5123394513351108,5.8,3,-0.18415259503025624
MER.L,-0.5921933402798495,-0.5720977586917689,-0.05071889747711003,0.0,-0.42274108783547504,-0.4441586454916678,-0.2919803829505415,-0.10594846114136858,-0.15495551749352787,-1.0966263362153708,0.0,-0.20514911627656224,0.0,0.17569548212468183,-0.24145972572620739,-0.33761652919802704,-0.39709735131117674,-0.09208924985509526,0.19916428682235787,0.0,-0.565498385284464,-0.5195471016281173,7.2,3,0.9902289323943787
MTE.DE,-0.5180374757955217,-1.2387760171772197,-0.23887573697319733,-0.12302627997095833,0.04085392961220842,-0.02582082949414135,-0.24251914675602348,-0.23324913801718877,-0.08723727968057124,-0.8932111984032456,-1.7613853350609465,1.4580452414893992,-0.5317431137158125,-0.2928258035411364,0.11077991733776091,0.21585319079873833,-0.1474103687061378,-0.07606753617452615,-0.4317447784824886,0.0041776907298028704,-0.565498385284464,-0.5577718453265669,6.8,4,2.571625788700474
KGC,-0.5055442934764404,-1.0679699565571954,-0.17928437985913903,-0.011236877910339055,0.04481519125965233,-1.616981807006038,-0.23203076748494744,-0.17700389619645487,-0.11788531611989769,-0.7087601705972761,-0.6140315279550763,0.11346798481155126,-0.32380834036853134,-0.2928258035411364,-0.007687619332885858,0.21585319079873833,0.08814064999993941,0.023623126726795257,0.1728083674412207,-0.10244701203521227,-0.565498385284464,-0.5864287642687136,6.1,5,5.120544492061657
K.TO,-0.5055442934764404,-1.0679699565571954,-0.17928437985913903,-0.011236877910339055,0.04505715916919131,-1.616981807006038,-0.23203076748494744,-0.17700389619645487,-0.11788531611989769,-0.7087601705972761,-0.7958665007930111,0.16815619617033176,-0.3176741227729002,-0.2928258035411364,-0.007687619332885858,0.21585319079873833,0.08814064999993941,0.005821222637273562,0.1728083674412207,-0.10244701203521227,-0.565498385284464,-0.6002860122750642,6.0,5,5.120544492061657
TRT.L,-0.8621587989779049,-2.606977259774402,-0.23437461334005008,-0.18942535020985235,0.7584232820104363,-0.437100362336732,-0.4060568651224273,-0.7115288455603027,-0.023773012074376976,0.605852636613824,-3.3230596801547323,-0.390501423691726,0.0,0.4099561249575909,0.4715563926628445,0.21585319079873833,-0.3215895120582577,-0.036903347177577595,0.23861848277534078,-0.021928897876509038,0.7139618237827546,-0.6151156034753322,6.2,4,0.7999999999999999
MU,-0.5180374757955217,-1.2387760171772197,-0.24084245744527466,-0.12302627997095833,0.04085392961220842,-0.02582082949414135,-0.24251914675602348,-0.23324913801718877,-0.08723727968057124,-0.8932111984032456,-1.5400923461134046,0.8100855284898347,-0.5314881421153771,-0.2928258035411364,0.06317270025967767,0.21585319079873833,-0.1486799346685109,-0.07606753617452615,-0.518196824669806,-0.03450155244428156,-0.565498385284464,-0.6180104998591192,7.1,4,3.1650324689846365
HRTG,-0.7626968149090461,-6.463737832105198,0.26450444398076767,0.1839829636605475,-0.42941651254348684,-0.0831619885540079,-0.41047358796521094,-0.30590526558719155,1.3015429231183793,0.8048966350857144,0.5980455919465941,-0.1022409074320201,0.48465266228317094,0.17569548212468183,-0.28596540802406295,-0.33761652919802704,0.17161991099995821,-0.05470525126710031,-0.1944396758780097,-0.224413996016189,-0.565498385284464,-0.6235331541564203,5.4,3,12.989190379669884
0DTF.L,-0.1985012705256,-0.19541625295784618,-0.12943656488702154,-0.06255781485292598,-0.8830431717252787,-1.240899399421883,-0.1316665065206154,-0.03937032171521706,-0.10557821332037948,0.8042293335380672,-0.2819754490787792,-4.956092555482789,0.1837380454941108,0.17569548212468183,-0.16453098850464898,-0.8910862491947924,-0.19589692365224504,-0.06894677453871685,0.538324764496123,0.35105996583414006,0.7139618237827546,-0.6777989041108862,3.6,5,-0.1739728888783204
EGO,-0.7457294775330126,-1.6317710498685583,-0.10666679359007736,0.26783103745794434,-0.13172467412360742,0.20449350144049647,-0.3135697901079526,-0.26556632330716134,-0.08373646089779484,-0.2454190082306531,-2.0347146555352573,-0.6211934846994256,-0.4580502940184811,-0.05856516070822727,-0.18034892401424052,-1.4445559691915577,0.5934268356994842,-0.01554106227015227,0.1467683199007535,-0.07793710007075164,-0.565498385284464,-0.7768068918952695,6.6,3,2.455741626794259
ELD.TO,-0.7457294775330126,-1.6317710498685583,-0.14573904831580753,0.26783103745794434,-0.1251457783341129,0.20449350144049647,-0.3135697901079526,-0.26556632330716134,-0.08373646089779484,-0.2454190082306531,-2.004234674133785,-0.26017324233361355,-0.45545620434047723,-0.05856516070822727,-0.18034892401424052,-1.4445559691915577,0.5219945463741459,-0.04224391840443482,0.16821588843166335,-1.7060669069699197,-0.17621377237678568,-0.8722000735363844,6.7,3,-0.6371376029060241
F3A.DE,-0.3814228525859315,-0.9672765654073564,-0.26396596510024833,-0.15175282850887062,0.05016180688534637,-2.5191313620276037,-0.19347901915985966,-0.20277190419436117,-0.0946548778902085,-0.6771114708898637,-2.0112342056438037,0.03367599499337755,-0.6079706613558744,-0.2928258035411364,-0.07915720970670698,0.21585319079873833,-0.19531026161668114,-0.01554106227015227,-0.38867721552752726,-0.03215538343099997,-0.565498385284464,-0.9340246041464187,7.3,3,0.472261165631885
FSLR,-0.3814228525859315,-0.9672765654073564,-0.2640973393239614,-0.15175282850887062,0.05016180688534637,-2.5191313620276037,-0.19347901915985966,-0.20277190419436117,-0.0946548778902085,-0.6771114708898637,-1.974811407237043,-0.007476842073915635,-0.635123314289571,-0.2928258035411364,-0.07915720970670698,0.21585319079873833,-0.19547336007910887,-0.05114487044919566,-0.3881916755593544,-0.032324560908215845,-0.565498385284464,-0.9407710651432645,7.4,3,0.472261165631885
0R06.L,-0.3814228525859315,-0.9672765654073564,-0.2640973393239614,-0.15175282850887062,0.05016180688534637,-2.5191313620276037,-0.19347901915985966,-0.20277190419436117,-0.0946548778902085,-0.6771114708898637,-1.974811407237043,-0.007476842073915635,-0.6351581821301073,-0.2928258035411364,-0.07915720970670698,0.21585319079873833,-0.19547336007910887,-0.05114487044919566,-0.3881916755593544,-0.032324560908215845,-0.565498385284464,-0.9407745519273181,7.5,3,0.472261165631885
KIN2.DE,-0.5055442934764404,-1.0679699565571954,-0.17871692591958477,-0.011236877910339055,-0.19488898467744814,-1.616981807006038,-0.23203076748494744,-0.17700389619645487,-0.11788531611989769,-0.7087601705972761,-0.6919261610451849,-5.104753233156626,-0.37083635260544023,-0.2928258035411364,-0.007687619332885858,0.21585319079873833,0.008498544973239628,0.07702883899536035,0.1797290073334944,-0.2106389466170723,-0.565498385284464,-1.15740759154276,6.9,5,5.660515369976217
